"Data","Último","Abertura","Máxima","Mínima","Vol.","Var%"
"05.12.2025","720,3","739,9","748,7","708,0","14,95K","-2,65%"
"04.12.2025","739,9","768,8","781,2","733,7","7,97K","-3,76%"
"03.12.2025","768,8","739,6","775,1","735,8","8,88K","3,96%"
"02.12.2025","739,5","679,9","751,2","675,6","10,56K","8,72%"
"01.12.2025","680,2","717,2","717,8","659,5","15,64K","-5,07%"
"30.11.2025","716,5","730,4","751,9","716,4","4,61K","-1,90%"
"29.11.2025","730,4","735,4","739,6","723,1","5,99K","-0,68%"
"28.11.2025","735,4","756,4","767,9","727,7","12,09K","-2,72%"
"27.11.2025","756,0","764,9","770,0","753,9","7,11K","-1,23%"
"26.11.2025","765,4","749,2","772,2","728,7","13,71K","2,16%"
"25.11.2025","749,2","747,4","757,4","720,2","8,95K","0,24%"
"24.11.2025","747,4","708,3","754,8","694,9","14,12K","5,52%"
"23.11.2025","708,3","692,1","724,8","692,1","9,40K","2,28%"
"22.11.2025","692,5","697,9","704,2","679,2","6,16K","-0,77%"
"21.11.2025","697,9","715,5","722,4","654,9","23,85K","-2,42%"
"20.11.2025","715,2","731,5","772,3","701,9","20,46K","-2,28%"
"19.11.2025","731,9","750,4","761,1","696,8","13,04K","-2,47%"
"18.11.2025","750,4","697,5","758,0","688,4","16,30K","7,46%"
"17.11.2025","698,3","729,7","758,0","687,1","10,82K","-4,34%"
"16.11.2025","730,0","741,7","761,6","715,2","5,61K","-1,64%"
"15.11.2025","742,2","737,1","766,9","736,8","7,64K","0,69%"
"14.11.2025","737,1","768,1","772,4","721,0","29,19K","-4,04%"
"13.11.2025","768,1","813,1","833,2","748,9","11,82K","-5,53%"
"12.11.2025","813,1","818,2","852,7","801,4","8,50K","-0,61%"
"11.11.2025","818,1","888,2","912,6","814,6","7,37K","-7,89%"
"10.11.2025","888,2","881,7","908,7","875,0","9,01K","0,75%"
"09.11.2025","881,6","846,4","892,1","830,5","6,17K","4,11%"
"08.11.2025","846,8","864,8","881,9","834,4","8,56K","-2,08%"
"07.11.2025","864,8","832,8","878,1","805,0","9,18K","3,83%"
"06.11.2025","832,9","871,3","873,8","823,5","10,03K","-4,49%"
"05.11.2025","872,1","839,9","878,8","798,4","17,39K","3,82%"
"04.11.2025","840,0","891,2","904,0","796,5","22,07K","-5,75%"
"03.11.2025","891,2","1.008,5","1.015,6","876,6","18,33K","-11,72%"
"02.11.2025","1.009,5","1.002,8","1.011,9","979,3","3,72K","0,67%"
"01.11.2025","1.002,8","1.008,2","1.010,3","990,5","3,03K","-0,54%"
"31.10.2025","1.008,2","997,6","1.025,3","993,1","5,67K","1,06%"
"30.10.2025","997,6","1.041,5","1.062,2","962,9","12,28K","-4,22%"
"29.10.2025","1.041,5","1.042,9","1.078,4","1.022,3","8,74K","-0,13%"
"28.10.2025","1.042,9","1.067,6","1.096,0","1.021,2","9,54K","-2,39%"
"27.10.2025","1.068,4","1.075,0","1.104,9","1.061,7","6,24K","-0,84%"
"26.10.2025","1.077,4","1.046,7","1.088,5","1.037,2","3,70K","2,93%"
"25.10.2025","1.046,7","1.046,9","1.055,3","1.034,7","3,25K","-0,02%"
"24.10.2025","1.046,9","1.032,3","1.054,3","1.018,0","6,72K","1,44%"
"23.10.2025","1.032,0","974,8","1.041,4","972,2","8,47K","5,87%"
"22.10.2025","974,8","1.000,9","1.012,3","960,0","10,21K","-2,61%"
"21.10.2025","1.000,9","1.021,8","1.063,5","986,2","11,27K","-2,05%"
"20.10.2025","1.021,9","1.019,5","1.055,0","998,3","6,65K","0,24%"
"19.10.2025","1.019,5","1.018,0","1.042,7","994,7","4,95K","0,07%"
"18.10.2025","1.018,8","988,5","1.021,9","987,7","4,19K","3,07%"
"17.10.2025","988,5","1.009,0","1.024,8","954,0","19,41K","-1,98%"
"16.10.2025","1.008,5","1.059,3","1.081,4","993,6","14,45K","-4,80%"
"15.10.2025","1.059,4","1.113,9","1.144,8","1.051,0","12,79K","-4,89%"
"14.10.2025","1.113,9","1.146,5","1.159,3","1.057,3","21,91K","-2,51%"
"13.10.2025","1.142,6","1.100,0","1.150,4","1.055,2","17,44K","3,94%"
"12.10.2025","1.099,3","1.002,6","1.119,8","976,4","14,86K","9,64%"
"11.10.2025","1.002,6","1.056,0","1.065,7","973,1","13,82K","-5,06%"
"10.10.2025","1.056,0","1.189,3","1.223,9","948,0","31,74K","-11,19%"
"09.10.2025","1.189,0","1.224,3","1.228,3","1.166,2","6,22K","-2,88%"
"08.10.2025","1.224,3","1.178,7","1.230,0","1.169,4","5,77K","3,87%"
"07.10.2025","1.178,7","1.236,1","1.251,8","1.178,4","11,84K","-4,64%"
"06.10.2025","1.236,1","1.222,7","1.264,2","1.219,0","5,67K","1,10%"
"05.10.2025","1.222,7","1.220,0","1.265,1","1.213,1","4,23K","0,22%"
"04.10.2025","1.220,0","1.247,8","1.253,4","1.201,3","3,39K","-2,20%"
"03.10.2025","1.247,4","1.255,9","1.266,6","1.217,6","8,43K","-0,68%"
"02.10.2025","1.255,9","1.181,2","1.256,8","1.168,7","8,64K","6,05%"
"01.10.2025","1.184,2","1.113,7","1.186,5","1.100,4","7,27K","6,46%"
"30.09.2025","1.112,3","1.132,9","1.136,8","1.089,0","6,09K","-1,84%"
"29.09.2025","1.133,2","1.130,3","1.144,4","1.092,8","7,52K","0,21%"
"28.09.2025","1.130,8","1.092,4","1.130,9","1.063,7","3,36K","3,52%"
"27.09.2025","1.092,4","1.101,9","1.103,9","1.073,0","2,68K","-0,84%"
"26.09.2025","1.101,6","1.036,7","1.103,6","1.026,0","10,06K","6,52%"
"25.09.2025","1.034,2","1.126,9","1.130,9","1.031,6","14,92K","-8,26%"
"24.09.2025","1.127,3","1.129,8","1.148,8","1.086,0","10,35K","-0,17%"
"23.09.2025","1.129,2","1.178,2","1.183,4","1.129,2","5,92K","-4,16%"
"22.09.2025","1.178,2","1.259,2","1.264,4","1.158,0","13,47K","-6,51%"
"21.09.2025","1.260,3","1.280,8","1.292,7","1.258,0","4,41K","-1,62%"
"20.09.2025","1.281,0","1.276,8","1.290,0","1.267,9","3,23K","0,33%"
"19.09.2025","1.276,8","1.315,8","1.321,6","1.255,1","5,44K","-2,96%"
"18.09.2025","1.315,8","1.301,3","1.344,0","1.289,7","7,50K","1,18%"
"17.09.2025","1.300,4","1.257,2","1.310,2","1.234,3","8,18K","3,44%"
"16.09.2025","1.257,2","1.249,3","1.276,7","1.231,1","7,75K","0,63%"
"15.09.2025","1.249,3","1.289,4","1.310,5","1.226,1","8,80K","-3,15%"
"14.09.2025","1.289,9","1.303,3","1.341,2","1.289,1","9,54K","-1,09%"
"13.09.2025","1.304,1","1.302,5","1.313,1","1.269,1","6,06K","0,12%"
"12.09.2025","1.302,5","1.235,4","1.310,6","1.231,9","12,69K","5,48%"
"11.09.2025","1.234,8","1.213,7","1.237,1","1.202,3","7,46K","1,73%"
"10.09.2025","1.213,8","1.183,1","1.221,9","1.171,7","10,95K","2,61%"
"09.09.2025","1.182,9","1.165,2","1.191,5","1.147,0","11,63K","1,52%"
"08.09.2025","1.165,2","1.122,9","1.179,2","1.118,8","16,71K","3,76%"
"07.09.2025","1.123,0","1.091,5","1.131,5","1.090,6","5,30K","2,89%"
"06.09.2025","1.091,5","1.107,1","1.114,6","1.086,2","3,74K","-1,45%"
"05.09.2025","1.107,6","1.105,7","1.136,6","1.092,1","12,60K","0,17%"
"04.09.2025","1.105,7","1.151,6","1.157,6","1.101,0","8,48K","-3,99%"
"03.09.2025","1.151,6","1.149,2","1.162,0","1.136,0","8,55K","0,24%"
"02.09.2025","1.148,9","1.078,8","1.149,2","1.075,8","14,95K","6,50%"
"01.09.2025","1.078,8","1.097,9","1.115,1","1.062,2","9,36K","-1,74%"
"31.08.2025","1.097,9","1.109,1","1.130,3","1.095,4","6,74K","-1,01%"
"30.08.2025","1.109,1","1.119,6","1.128,6","1.080,0","7,14K","-0,94%"
"29.08.2025","1.119,6","1.163,4","1.182,7","1.091,6","21,13K","-3,76%"
"28.08.2025","1.163,4","1.102,9","1.176,3","1.096,5","15,46K","5,66%"
"27.08.2025","1.101,1","1.065,9","1.151,1","1.055,4","18,81K","3,30%"
"26.08.2025","1.065,9","1.018,0","1.078,3","1.009,0","10,01K","4,78%"
"25.08.2025","1.017,3","1.123,6","1.163,9","1.009,4","19,43K","-9,38%"
"24.08.2025","1.122,6","1.112,6","1.155,3","1.098,0","12,17K","1,01%"
"23.08.2025","1.111,4","1.089,4","1.135,4","1.062,8","6,91K","2,01%"
"22.08.2025","1.089,5","989,5","1.095,3","971,6","24,26K","10,12%"
"21.08.2025","989,4","1.033,0","1.043,0","984,6","15,03K","-4,22%"
"20.08.2025","1.033,0","973,1","1.033,0","972,4","15,28K","6,14%"
"19.08.2025","973,2","996,9","1.012,7","966,7","17,91K","-2,38%"
"18.08.2025","996,9","1.036,9","1.038,1","979,6","10,98K","-3,82%"
"17.08.2025","1.036,5","1.030,7","1.063,5","1.018,0","5,74K","0,56%"
"16.08.2025","1.030,7","1.009,2","1.032,4","1.006,3","4,88K","2,13%"
"15.08.2025","1.009,2","1.046,8","1.077,1","992,0","12,97K","-3,59%"
"14.08.2025","1.046,8","1.090,0","1.133,6","1.013,8","31,70K","-3,96%"
"13.08.2025","1.090,0","1.039,2","1.106,6","1.037,4","19,57K","4,93%"
"12.08.2025","1.038,8","952,9","1.046,2","946,3","14,06K","9,01%"
"11.08.2025","952,9","998,1","1.016,7","945,6","10,18K","-4,56%"
"10.08.2025","998,4","983,2","1.017,4","970,0","6,63K","1,54%"
"09.08.2025","983,3","965,1","1.001,6","963,1","6,21K","1,91%"
"08.08.2025","964,9","954,9","976,6","944,6","7,15K","1,05%"
"07.08.2025","954,9","922,6","955,0","914,7","7,44K","3,47%"
"06.08.2025","922,9","906,0","930,2","891,2","5,89K","1,87%"
"05.08.2025","906,0","935,6","948,8","891,6","6,49K","-3,19%"
"04.08.2025","935,9","902,7","938,4","897,5","6,80K","3,76%"
"03.08.2025","902,0","883,2","909,0","873,0","4,00K","1,97%"
"02.08.2025","884,6","905,2","920,8","868,9","5,08K","-2,28%"
"01.08.2025","905,2","969,1","970,9","886,5","10,38K","-6,57%"
"31.07.2025","968,9","994,2","1.020,6","966,3","5,42K","-2,54%"
"30.07.2025","994,2","1.014,6","1.021,1","952,8","6,73K","-2,06%"
"29.07.2025","1.015,1","1.024,3","1.044,2","994,7","4,89K","-0,96%"
"28.07.2025","1.024,9","1.053,3","1.086,9","1.020,3","7,10K","-2,70%"
"27.07.2025","1.053,3","1.034,3","1.065,5","1.032,5","4,23K","1,84%"
"26.07.2025","1.034,3","1.042,6","1.059,4","1.031,3","3,87K","-0,79%"
"25.07.2025","1.042,5","1.012,0","1.042,7","975,5","7,09K","3,10%"
"24.07.2025","1.011,2","1.048,0","1.063,4","994,1","8,21K","-3,58%"
"23.07.2025","1.048,7","1.143,8","1.144,0","1.015,0","12,84K","-8,37%"
"22.07.2025","1.144,5","1.094,0","1.147,5","1.082,7","17,95K","4,75%"
"21.07.2025","1.092,6","1.021,4","1.108,7","1.000,5","16,39K","6,97%"
"20.07.2025","1.021,4","991,9","1.030,7","988,5","9,58K","2,98%"
"19.07.2025","991,8","993,2","1.001,0","976,1","4,72K","-0,14%"
"18.07.2025","993,2","975,5","1.022,6","971,5","10,70K","1,81%"
"17.07.2025","975,5","970,3","993,0","943,5","10,62K","0,58%"
"16.07.2025","969,9","914,7","981,7","900,4","12,01K","6,09%"
"15.07.2025","914,2","906,5","915,2","875,2","6,64K","0,82%"
"14.07.2025","906,8","897,5","937,0","894,9","8,10K","1,07%"
"13.07.2025","897,2","893,4","912,3","889,2","3,76K","0,43%"
"12.07.2025","893,4","906,2","914,6","877,5","3,87K","-1,41%"
"11.07.2025","906,2","899,9","932,6","887,0","9,37K","0,70%"
"10.07.2025","899,9","864,7","915,5","858,2","12,88K","4,13%"
"09.07.2025","864,2","830,3","871,6","826,8","7,34K","4,08%"
"08.07.2025","830,3","814,9","835,0","810,2","4,75K","1,84%"
"07.07.2025","815,3","830,9","838,8","811,2","6,15K","-1,88%"
"06.07.2025","830,9","806,2","838,8","800,8","4,04K","3,08%"
"05.07.2025","806,1","806,9","812,4","797,2","2,04K","-0,10%"
"04.07.2025","806,9","828,4","837,1","790,0","4,88K","-2,65%"
"03.07.2025","828,9","828,6","850,8","814,6","5,06K","0,04%"
"02.07.2025","828,6","804,7","840,0","799,6","4,92K","2,89%"
"01.07.2025","805,3","846,9","849,7","793,0","8,31K","-4,90%"
"30.06.2025","846,8","846,4","875,6","824,6","9,84K","0,12%"
"29.06.2025","845,8","832,7","852,8","824,5","3,02K","1,55%"
"28.06.2025","832,9","784,8","843,3","780,0","4,54K","6,10%"
"27.06.2025","785,0","766,7","794,4","758,9","4,73K","2,28%"
"26.06.2025","767,5","801,2","823,5","765,8","4,52K","-4,29%"
"25.06.2025","801,9","806,3","821,3","792,6","4,64K","-0,52%"
"24.06.2025","806,1","797,0","808,8","783,6","4,92K","1,24%"
"23.06.2025","796,2","732,3","808,6","726,1","9,76K","8,59%"
"22.06.2025","733,2","753,8","763,4","703,0","8,37K","-2,51%"
"21.06.2025","752,1","778,7","792,4","729,8","5,33K","-3,42%"
"20.06.2025","778,7","813,5","821,3","754,1","6,16K","-4,25%"
"19.06.2025","813,3","807,8","816,5","790,1","3,50K","0,66%"
"18.06.2025","808,0","815,2","824,0","790,9","4,50K","-0,88%"
"17.06.2025","815,2","831,5","851,4","802,3","6,60K","-1,78%"
"16.06.2025","830,0","852,9","880,3","830,0","5,64K","-2,66%"
"15.06.2025","852,7","807,0","855,9","805,0","3,35K","5,66%"
"14.06.2025","807,0","831,6","831,6","793,8","2,28K","-2,98%"
"13.06.2025","831,8","850,0","850,0","788,3","7,43K","-2,14%"
"12.06.2025","850,0","896,4","897,7","846,0","4,98K","-5,18%"
"11.06.2025","896,4","920,8","935,6","884,4","5,22K","-2,65%"
"10.06.2025","920,8","899,4","925,0","873,6","7,65K","2,38%"
"09.06.2025","899,4","856,8","902,8","840,0","4,85K","4,97%"
"08.06.2025","856,8","844,2","874,9","832,5","2,47K","1,49%"
"07.06.2025","844,2","831,2","857,3","826,5","2,42K","1,60%"
"06.06.2025","830,9","811,4","858,4","811,3","5,03K","2,42%"
"05.06.2025","811,3","867,6","876,0","795,0","6,43K","-6,49%"
"04.06.2025","867,6","879,6","894,8","866,3","3,48K","-1,40%"
"03.06.2025","879,9","893,3","927,1","874,6","4,58K","-1,50%"
"02.06.2025","893,3","906,8","914,2","866,1","5,67K","-1,52%"
"01.06.2025","907,1","902,8","907,6","870,6","2,55K","0,48%"
"31.05.2025","902,8","901,0","911,9","880,1","2,95K","0,20%"
"30.05.2025","901,0","951,7","955,2","896,0","5,49K","-5,33%"
"29.05.2025","951,7","982,5","999,0","944,3","4,32K","-3,27%"
"28.05.2025","983,9","1.004,9","1.008,8","966,0","6,17K","-2,09%"
"27.05.2025","1.004,9","998,5","1.021,3","979,3","5,26K","0,64%"
"26.05.2025","998,5","1.001,6","1.017,5","988,5","4,61K","-0,27%"
"25.05.2025","1.001,2","1.002,1","1.007,0","963,9","3,37K","-0,09%"
"24.05.2025","1.002,1","991,5","1.015,5","984,7","3,18K","1,07%"
"23.05.2025","991,5","1.023,2","1.065,4","988,5","10,10K","-3,10%"
"22.05.2025","1.023,2","982,3","1.025,2","976,1","7,55K","4,21%"
"21.05.2025","981,9","956,8","991,7","940,0","7,36K","2,62%"
"20.05.2025","956,8","944,7","977,6","934,3","5,62K","1,28%"
"19.05.2025","944,7","986,4","986,4","909,0","6,19K","-3,95%"
"18.05.2025","983,6","948,2","1.008,1","940,0","4,83K","3,73%"
"17.05.2025","948,2","954,0","970,0","935,9","3,34K","-0,65%"
"16.05.2025","954,4","963,9","994,4","948,0","4,55K","-0,99%"
"15.05.2025","963,9","999,0","1.009,0","943,3","6,36K","-3,51%"
"14.05.2025","999,0","1.033,8","1.039,4","976,2","6,32K","-3,38%"
"13.05.2025","1.033,9","992,2","1.039,2","947,9","7,84K","4,21%"
"12.05.2025","992,1","985,9","1.034,7","964,6","7,64K","0,63%"
"11.05.2025","985,9","1.013,5","1.025,7","965,6","4,59K","-2,64%"
"10.05.2025","1.012,6","982,8","1.018,5","959,1","5,05K","3,03%"
"09.05.2025","982,8","935,4","1.001,1","917,6","9,80K","5,07%"
"08.05.2025","935,4","848,5","935,4","847,4","16,61K","10,24%"
"07.05.2025","848,5","840,5","854,3","830,7","12,12K","1,00%"
"06.05.2025","840,1","835,7","842,1","809,8","10,08K","0,59%"
"05.05.2025","835,2","821,0","841,6","811,0","5,94K","1,73%"
"04.05.2025","821,0","835,2","841,4","818,9","2,48K","-1,69%"
"03.05.2025","835,1","841,2","848,4","830,8","2,48K","-0,74%"
"02.05.2025","841,3","859,5","863,8","836,5","4,59K","-2,11%"
"01.05.2025","859,4","840,9","876,6","840,8","5,45K","2,20%"
"30.04.2025","840,9","827,0","843,8","798,5","7,08K","1,63%"
"29.04.2025","827,4","839,2","848,3","819,2","5,32K","-1,32%"
"28.04.2025","838,5","849,3","876,6","828,8","8,15K","-1,27%"
"27.04.2025","849,3","854,5","861,2","833,9","4,32K","-0,61%"
"26.04.2025","854,5","862,6","874,7","847,4","3,40K","-0,94%"
"25.04.2025","862,6","870,7","893,9","856,5","9,53K","-0,93%"
"24.04.2025","870,7","868,5","872,1","832,9","6,81K","0,24%"
"23.04.2025","868,6","854,2","880,1","844,4","10,09K","1,72%"
"22.04.2025","853,9","796,8","861,6","785,4","12,17K","7,10%"
"21.04.2025","797,3","807,4","835,0","781,4","8,53K","-1,32%"
"20.04.2025","808,0","821,6","833,3","796,1","6,82K","-1,61%"
"19.04.2025","821,2","786,4","822,7","783,0","6,27K","4,43%"
"18.04.2025","786,4","785,6","793,4","775,6","4,07K","0,10%"
"17.04.2025","785,6","772,6","797,5","762,7","9,03K","1,72%"
"16.04.2025","772,3","744,0","787,3","728,5","16,08K","3,83%"
"15.04.2025","743,8","760,6","790,8","742,6","11,24K","-2,21%"
"14.04.2025","760,6","758,1","801,0","754,5","10,88K","0,33%"
"13.04.2025","758,1","779,7","787,9","739,5","9,29K","-2,77%"
"12.04.2025","779,7","716,1","789,4","705,8","10,52K","8,93%"
"11.04.2025","715,8","666,5","721,0","663,4","11,14K","7,25%"
"10.04.2025","667,4","696,1","697,6","644,2","8,54K","-4,12%"
"09.04.2025","696,1","635,6","707,9","612,0","26,23K","9,50%"
"08.04.2025","635,7","636,2","668,2","618,7","13,14K","-0,08%"
"07.04.2025","636,2","624,2","655,4","561,6","24,43K","1,91%"
"06.04.2025","624,3","707,4","711,9","612,7","15,12K","-11,76%"
"05.04.2025","707,5","718,5","719,4","689,1","4,09K","-1,53%"
"04.04.2025","718,5","663,4","726,9","643,5","9,46K","8,24%"
"03.04.2025","663,8","668,7","688,0","631,2","11,04K","-0,90%"
"02.04.2025","669,8","721,6","773,3","669,6","10,46K","-7,17%"
"01.04.2025","721,5","713,4","743,8","710,0","5,00K","1,05%"
"31.03.2025","714,0","724,6","739,0","711,5","5,15K","-1,46%"
"30.03.2025","724,6","723,1","736,0","715,1","3,02K","0,21%"
"29.03.2025","723,1","750,9","757,2","715,3","4,18K","-3,70%"
"28.03.2025","750,9","796,7","800,0","739,1","7,37K","-5,71%"
"27.03.2025","796,4","790,4","805,9","783,4","3,57K","0,73%"
"26.03.2025","790,6","821,3","832,0","782,8","6,54K","-3,74%"
"25.03.2025","821,3","814,3","841,9","796,7","7,21K","0,93%"
"24.03.2025","813,7","763,8","833,2","760,1","11,83K","6,49%"
"23.03.2025","764,1","741,1","770,6","740,0","4,53K","3,03%"
"22.03.2025","741,6","740,1","759,2","736,5","2,80K","0,20%"
"21.03.2025","740,1","725,2","747,9","715,7","5,00K","1,98%"
"20.03.2025","725,7","766,5","769,7","719,6","4,88K","-5,34%"
"19.03.2025","766,6","714,5","770,2","707,1","7,45K","7,28%"
"18.03.2025","714,6","730,7","730,7","695,5","5,71K","-2,19%"
"17.03.2025","730,6","728,6","748,7","719,9","4,06K","0,27%"
"16.03.2025","728,6","785,8","790,3","724,7","6,54K","-7,21%"
"15.03.2025","785,2","772,5","788,5","765,6","4,17K","1,92%"
"14.03.2025","770,4","717,5","785,2","715,3","5,33K","7,42%"
"13.03.2025","717,2","736,5","746,6","702,8","4,93K","-2,66%"
"12.03.2025","736,8","731,7","765,4","707,7","6,79K","0,75%"
"11.03.2025","731,3","696,8","748,3","663,7","12,30K","5,22%"
"10.03.2025","695,0","740,3","768,8","681,3","13,69K","-6,14%"
"09.03.2025","740,5","800,3","816,8","735,9","11,99K","-7,43%"
"08.03.2025","799,9","811,4","822,8","791,5","7,09K","-1,54%"
"07.03.2025","812,4","831,1","876,4","786,7","17,08K","-2,24%"
"06.03.2025","831,0","845,4","884,5","824,3","8,98K","-1,73%"
"05.03.2025","845,6","853,4","880,5","816,9","11,42K","-0,84%"
"04.03.2025","852,8","843,3","862,9","776,9","16,34K","1,13%"
"03.03.2025","843,3","1.058,5","1.061,1","827,0","13,98K","-20,33%"
"02.03.2025","1.058,5","850,6","1.072,8","830,7","29,72K","24,44%"
"01.03.2025","850,6","877,5","895,8","823,5","8,97K","-3,10%"
"28.02.2025","877,8","806,0","880,3","738,6","18,30K","8,91%"
"27.02.2025","806,0","788,4","831,4","787,5","8,54K","2,13%"
"26.02.2025","789,2","834,2","837,1","759,0","11,24K","-5,39%"
"25.02.2025","834,2","825,4","847,6","768,8","18,98K","1,31%"
"24.02.2025","823,4","965,8","974,1","809,4","15,14K","-14,72%"
"23.02.2025","965,5","990,6","995,6","959,0","3,23K","-2,53%"
"22.02.2025","990,6","971,2","1.005,5","966,8","3,33K","2,03%"
"21.02.2025","970,9","1.007,1","1.032,7","960,4","7,62K","-3,51%"
"20.02.2025","1.006,2","966,2","1.008,5","960,8","6,95K","4,05%"
"19.02.2025","967,0","967,0","993,7","934,2","6,71K","0,05%"
"18.02.2025","966,5","1.022,9","1.029,8","922,3","16,64K","-5,52%"
"17.02.2025","1.023,0","1.082,2","1.089,8","1.004,8","9,99K","-5,66%"
"16.02.2025","1.084,4","1.117,7","1.126,3","1.072,4","5,78K","-2,99%"
"15.02.2025","1.117,8","1.138,6","1.142,5","1.107,9","5,36K","-1,95%"
"14.02.2025","1.140,0","1.121,1","1.173,9","1.120,5","6,79K","1,77%"
"13.02.2025","1.120,2","1.134,8","1.145,4","1.098,0","6,06K","-1,27%"
"12.02.2025","1.134,6","1.141,8","1.145,5","1.090,1","8,22K","-0,72%"
"11.02.2025","1.142,8","1.161,8","1.185,6","1.128,4","6,14K","-1,74%"
"10.02.2025","1.163,0","1.176,9","1.211,3","1.147,1","7,60K","-0,95%"
"09.02.2025","1.174,2","1.170,3","1.213,6","1.136,5","7,04K","0,44%"
"08.02.2025","1.169,0","1.118,9","1.176,3","1.111,8","5,56K","4,25%"
"07.02.2025","1.121,3","1.095,5","1.173,0","1.095,5","9,13K","2,22%"
"06.02.2025","1.096,9","1.144,7","1.186,1","1.088,0","8,50K","-3,63%"
"05.02.2025","1.138,2","1.196,8","1.211,8","1.135,5","8,13K","-4,93%"
"04.02.2025","1.197,2","1.257,9","1.280,4","1.171,9","8,89K","-4,89%"
"03.02.2025","1.258,8","1.200,1","1.274,8","1.050,9","25,22K","4,75%"
"02.02.2025","1.201,7","1.254,3","1.287,0","1.147,8","13,18K","-4,46%"
"01.02.2025","1.257,8","1.356,3","1.372,5","1.255,5","6,84K","-7,22%"
"31.01.2025","1.355,7","1.395,9","1.414,7","1.337,2","6,95K","-2,95%"
"30.01.2025","1.396,9","1.326,8","1.441,1","1.319,7","9,43K","5,38%"
"29.01.2025","1.325,6","1.334,2","1.391,9","1.310,2","10,10K","-0,72%"
"28.01.2025","1.335,2","1.388,5","1.443,5","1.322,0","9,24K","-4,00%"
"27.01.2025","1.390,8","1.434,2","1.445,0","1.320,7","19,62K","-2,96%"
"26.01.2025","1.433,2","1.518,5","1.539,4","1.432,5","6,62K","-5,53%"
"25.01.2025","1.517,1","1.498,0","1.547,2","1.462,5","5,52K","1,09%"
"24.01.2025","1.500,8","1.502,9","1.593,0","1.465,6","6,53K","-0,19%"
"23.01.2025","1.503,6","1.536,9","1.541,6","1.449,6","12,97K","-2,18%"
"22.01.2025","1.537,1","1.511,1","1.617,6","1.501,2","11,21K","1,46%"
"21.01.2025","1.515,0","1.469,4","1.571,8","1.402,0","11,31K","3,44%"
"20.01.2025","1.464,6","1.538,0","1.663,3","1.411,5","21,05K","-4,99%"
"19.01.2025","1.541,6","1.599,4","1.806,5","1.467,2","48,07K","-3,72%"
"18.01.2025","1.601,1","1.332,9","1.636,5","1.321,2","35,99K","20,26%"
"17.01.2025","1.331,4","1.270,8","1.342,7","1.266,2","9,35K","4,95%"
"16.01.2025","1.268,6","1.234,1","1.306,7","1.192,2","12,08K","2,97%"
"15.01.2025","1.232,0","1.137,6","1.238,4","1.126,5","7,42K","8,40%"
"14.01.2025","1.136,5","1.115,0","1.155,5","1.106,7","5,34K","1,75%"
"13.01.2025","1.117,0","1.152,5","1.172,5","1.057,3","10,36K","-3,23%"
"11.01.2025","1.154,3","1.152,6","1.159,0","1.132,0","5,83K","0,19%"
"10.01.2025","1.152,1","1.128,2","1.174,2","1.126,4","7,66K","2,42%"
"09.01.2025","1.124,9","1.213,6","1.224,5","1.106,2","7,35K","-7,42%"
"08.01.2025","1.215,1","1.242,0","1.249,3","1.161,6","7,17K","-2,25%"
"07.01.2025","1.243,1","1.331,3","1.337,6","1.240,7","8,29K","-6,62%"
"06.01.2025","1.331,2","1.327,3","1.367,9","1.314,3","6,92K","0,42%"
"05.01.2025","1.325,6","1.344,5","1.357,6","1.315,0","4,16K","-1,37%"
"04.01.2025","1.344,0","1.349,2","1.350,1","1.324,3","4,14K","-0,38%"
"03.01.2025","1.349,1","1.286,9","1.359,0","1.271,0","8,39K","4,87%"
"02.01.2025","1.286,4","1.209,8","1.308,6","1.203,7","8,73K","6,39%"
"01.01.2025","1.209,1","1.179,6","1.213,8","1.171,8","3,20K","2,29%"
"31.12.2024","1.182,0","1.189,4","1.240,4","1.171,6","5,37K","-0,64%"
"30.12.2024","1.189,6","1.181,9","1.219,9","1.158,1","6,46K","0,41%"
"29.12.2024","1.184,8","1.219,5","1.231,9","1.176,6","3,52K","-2,76%"
"28.12.2024","1.218,4","1.149,2","1.220,5","1.147,0","4,82K","6,10%"
"27.12.2024","1.148,4","1.168,3","1.207,3","1.138,0","6,61K","-1,83%"
"26.12.2024","1.169,8","1.234,0","1.247,2","1.160,3","7,33K","-5,17%"
"25.12.2024","1.233,6","1.230,8","1.260,8","1.218,8","4,57K","0,29%"
"24.12.2024","1.230,0","1.184,0","1.241,9","1.159,4","6,41K","4,05%"
"23.12.2024","1.182,1","1.111,8","1.205,2","1.089,1","8,27K","6,31%"
"22.12.2024","1.111,9","1.116,4","1.154,5","1.092,4","6,82K","-0,18%"
"21.12.2024","1.113,9","1.196,1","1.240,5","1.098,8","11,48K","-6,93%"
"20.12.2024","1.196,8","1.204,4","1.238,0","1.091,0","17,66K","-0,38%"
"19.12.2024","1.201,4","1.309,1","1.342,0","1.154,3","17,22K","-8,21%"
"18.12.2024","1.308,9","1.371,0","1.387,1","1.293,7","11,37K","-4,40%"
"17.12.2024","1.369,1","1.325,3","1.404,2","1.298,7","12,54K","3,45%"
"16.12.2024","1.323,4","1.361,7","1.378,0","1.293,6","10,53K","-2,58%"
"15.12.2024","1.358,5","1.338,9","1.367,3","1.315,0","4,72K","1,39%"
"14.12.2024","1.339,9","1.361,0","1.374,9","1.311,9","4,48K","-1,67%"
"13.12.2024","1.362,6","1.370,7","1.377,4","1.339,5","6,15K","-0,56%"
"12.12.2024","1.370,3","1.362,9","1.419,9","1.355,3","6,40K","0,40%"
"11.12.2024","1.364,9","1.302,7","1.397,5","1.290,0","8,00K","4,77%"
"10.12.2024","1.302,8","1.329,6","1.355,0","1.240,8","14,50K","-2,31%"
"09.12.2024","1.333,6","1.454,1","1.455,3","1.276,4","19,21K","-8,28%"
"08.12.2024","1.454,0","1.463,5","1.485,4","1.435,4","8,17K","-0,79%"
"07.12.2024","1.465,6","1.446,8","1.494,3","1.433,4","8,33K","1,37%"
"06.12.2024","1.445,8","1.427,8","1.493,8","1.394,9","13,90K","1,15%"
"05.12.2024","1.429,3","1.384,0","1.473,2","1.349,5","18,97K","3,26%"
"04.12.2024","1.384,2","1.425,2","1.459,3","1.363,5","15,00K","-2,60%"
"03.12.2024","1.421,1","1.372,2","1.454,3","1.316,0","14,76K","3,47%"
"02.12.2024","1.373,4","1.425,1","1.432,4","1.333,5","12,66K","-3,57%"
"01.12.2024","1.424,3","1.429,8","1.445,6","1.410,0","6,21K","-0,56%"
"30.11.2024","1.432,3","1.456,6","1.468,5","1.431,5","5,37K","-1,72%"
"29.11.2024","1.457,3","1.418,7","1.476,0","1.412,2","10,27K","2,82%"
"28.11.2024","1.417,3","1.426,5","1.443,1","1.383,7","7,62K","-0,62%"
"27.11.2024","1.426,1","1.345,3","1.435,2","1.330,9","11,57K","5,82%"
"26.11.2024","1.347,7","1.368,2","1.400,7","1.299,1","16,35K","-1,40%"
"25.11.2024","1.366,9","1.479,0","1.495,9","1.349,0","13,96K","-7,69%"
"24.11.2024","1.480,8","1.490,0","1.519,8","1.422,5","7,45K","-0,66%"
"23.11.2024","1.490,6","1.500,0","1.541,9","1.479,3","10,96K","-0,43%"
"22.11.2024","1.497,0","1.496,6","1.536,6","1.470,0","10,79K","0,07%"
"21.11.2024","1.495,9","1.367,9","1.511,0","1.335,1","18,31K","9,37%"
"20.11.2024","1.367,7","1.383,5","1.406,5","1.343,4","9,06K","-1,16%"
"19.11.2024","1.383,8","1.387,2","1.434,1","1.360,1","10,39K","-0,25%"
"18.11.2024","1.387,2","1.390,1","1.449,2","1.356,7","12,59K","-0,19%"
"17.11.2024","1.389,8","1.262,2","1.413,2","1.243,4","12,05K","10,11%"
"16.11.2024","1.262,2","1.273,9","1.294,9","1.250,1","5,55K","-0,99%"
"15.11.2024","1.274,8","1.222,8","1.285,1","1.194,7","10,68K","4,27%"
"14.11.2024","1.222,6","1.259,5","1.300,0","1.210,0","12,03K","-2,83%"
"13.11.2024","1.258,2","1.224,2","1.284,9","1.164,7","17,51K","2,85%"
"12.11.2024","1.223,3","1.287,2","1.295,1","1.187,7","15,61K","-4,73%"
"11.11.2024","1.284,1","1.216,6","1.294,5","1.180,0","18,37K","5,55%"
"10.11.2024","1.216,6","1.154,3","1.243,8","1.149,1","15,31K","5,40%"
"09.11.2024","1.154,3","1.153,0","1.172,4","1.128,6","7,59K","0,11%"
"08.11.2024","1.153,0","1.120,6","1.180,3","1.113,8","13,38K","3,03%"
"07.11.2024","1.119,1","1.057,4","1.127,6","1.052,6","11,61K","5,79%"
"06.11.2024","1.057,9","966,5","1.107,0","963,7","21,20K","9,66%"
"05.11.2024","964,7","921,9","982,0","915,6","6,65K","4,57%"
"04.11.2024","922,5","961,6","974,4","904,7","7,83K","-4,02%"
"03.11.2024","961,1","983,9","987,4","905,0","8,99K","-2,26%"
"02.11.2024","983,3","979,3","992,8","959,0","4,52K","0,49%"
"01.11.2024","978,5","982,1","1.013,7","956,7","7,64K","-0,54%"
"31.10.2024","983,8","1.009,8","1.019,7","976,5","6,80K","-2,59%"
"30.10.2024","1.010,0","1.024,0","1.033,9","1.000,0","6,94K","-1,37%"
"29.10.2024","1.024,0","1.017,7","1.048,0","1.007,9","11,23K","0,65%"
"28.10.2024","1.017,4","1.017,9","1.024,0","990,8","8,05K","-0,14%"
"27.10.2024","1.018,8","984,3","1.024,9","980,5","5,18K","3,51%"
"26.10.2024","984,3","948,6","996,6","933,8","4,58K","3,61%"
"25.10.2024","950,0","1.008,9","1.011,8","918,5","10,99K","-5,85%"
"24.10.2024","1.009,0","977,3","1.020,4","975,9","8,56K","3,13%"
"23.10.2024","978,4","957,1","995,4","940,0","10,44K","2,25%"
"22.10.2024","956,9","950,3","976,8","933,8","9,55K","0,68%"
"21.10.2024","950,4","962,0","981,7","928,6","10,11K","-1,02%"
"20.10.2024","960,2","916,6","963,3","903,3","6,88K","4,84%"
"19.10.2024","915,9","885,1","916,8","879,7","5,03K","3,48%"
"18.10.2024","885,1","855,4","891,5","849,6","6,10K","3,50%"
"17.10.2024","855,2","875,0","884,2","842,0","5,16K","-2,36%"
"16.10.2024","875,9","874,3","894,6","864,3","7,08K","0,21%"
"15.10.2024","874,1","882,5","896,1","848,5","10,64K","-0,82%"
"14.10.2024","881,3","835,0","887,0","830,1","9,11K","5,51%"
"13.10.2024","835,3","826,1","841,2","817,7","4,51K","1,06%"
"12.10.2024","826,5","816,7","832,0","814,5","3,85K","1,24%"
"11.10.2024","816,4","779,6","824,0","777,8","8,46K","4,72%"
"10.10.2024","779,6","783,4","791,5","759,1","6,24K","-0,54%"
"09.10.2024","783,8","794,9","805,9","780,4","5,05K","-1,45%"
"08.10.2024","795,3","793,0","803,0","783,0","4,94K","0,29%"
"07.10.2024","793,0","805,8","833,4","790,7","8,40K","-1,54%"
"06.10.2024","805,4","785,8","808,3","781,9","3,59K","2,49%"
"05.10.2024","785,8","786,9","795,7","777,0","3,07K","-0,10%"
"04.10.2024","786,6","752,6","792,0","748,9","6,91K","4,50%"
"03.10.2024","752,7","767,6","782,3","734,5","8,70K","-2,07%"
"02.10.2024","768,6","790,5","811,6","758,4","7,46K","-3,08%"
"01.10.2024","793,0","832,8","858,5","782,0","8,92K","-4,79%"
"30.09.2024","832,9","867,7","874,6","828,4","5,98K","-4,00%"
"29.09.2024","867,6","857,6","885,1","848,7","3,44K","1,20%"
"28.09.2024","857,3","860,1","870,0","848,0","3,20K","-0,34%"
"27.09.2024","860,2","847,3","879,0","839,2","6,24K","1,52%"
"26.09.2024","847,3","816,1","859,9","807,1","7,65K","3,92%"
"25.09.2024","815,3","833,3","841,9","811,8","4,18K","-2,07%"
"24.09.2024","832,5","798,9","837,8","790,5","6,30K","4,21%"
"23.09.2024","798,9","799,0","820,7","786,8","5,70K","-0,15%"
"22.09.2024","800,1","824,2","825,8","782,0","3,49K","-2,92%"
"21.09.2024","824,2","804,0","825,6","795,5","2,94K","2,51%"
"20.09.2024","804,0","777,1","825,3","766,2","6,44K","3,59%"
"19.09.2024","776,1","737,4","784,4","734,9","6,84K","5,25%"
"18.09.2024","737,4","723,2","737,4","699,6","5,30K","1,92%"
"17.09.2024","723,5","729,5","748,7","721,0","3,19K","-0,73%"
"16.09.2024","728,8","737,4","741,9","715,4","5,42K","-1,21%"
"15.09.2024","737,7","767,5","772,0","732,8","3,15K","-3,88%"
"14.09.2024","767,5","778,2","780,4","761,0","4,14K","-1,44%"
"13.09.2024","778,7","770,0","782,4","741,0","7,08K","0,96%"
"12.09.2024","771,3","751,5","776,0","751,5","4,15K","2,65%"
"11.09.2024","751,4","769,9","771,6","728,0","7,92K","-2,42%"
"10.09.2024","770,0","756,8","780,9","743,5","5,48K","1,69%"
"09.09.2024","757,2","735,0","767,1","716,3","7,88K","3,02%"
"08.09.2024","735,0","722,9","743,8","717,4","2,93K","1,65%"
"07.09.2024","723,1","707,9","733,0","702,6","3,56K","1,95%"
"06.09.2024","709,3","726,0","749,9","681,0","10,18K","-2,31%"
"05.09.2024","726,1","756,4","763,2","718,0","7,59K","-4,06%"
"04.09.2024","756,8","724,5","764,0","700,1","8,72K","4,52%"
"03.09.2024","724,1","763,7","774,9","723,1","5,83K","-5,17%"
"02.09.2024","763,6","732,9","765,9","721,5","6,95K","4,25%"
"01.09.2024","732,5","766,7","771,2","727,7","8,01K","-4,46%"
"31.08.2024","766,7","782,0","787,8","762,7","3,10K","-1,86%"
"30.08.2024","781,2","791,0","800,2","748,7","9,12K","-1,36%"
"29.08.2024","792,0","804,6","833,6","782,3","6,39K","-1,65%"
"28.08.2024","805,3","815,3","826,5","784,9","6,32K","-1,40%"
"27.08.2024","816,7","866,3","879,3","808,0","8,49K","-5,78%"
"26.08.2024","866,8","880,1","895,0","859,1","7,00K","-1,40%"
"25.08.2024","879,1","887,6","894,9","858,5","6,73K","-0,92%"
"24.08.2024","887,3","843,6","895,7","836,5","7,44K","5,26%"
"23.08.2024","843,0","801,9","847,9","790,0","7,49K","5,13%"
"22.08.2024","801,9","784,9","805,0","773,0","3,83K","2,51%"
"21.08.2024","782,3","781,2","792,4","762,3","5,15K","0,14%"
"20.08.2024","781,2","782,2","804,1","773,3","3,16K","-0,23%"
"19.08.2024","783,0","784,3","791,1","770,1","6,19K","-0,17%"
"18.08.2024","784,3","782,1","810,4","775,5","3,11K","0,31%"
"17.08.2024","781,9","763,3","782,3","757,0","2,38K","2,45%"
"16.08.2024","763,2","786,5","799,9","749,6","6,03K","-3,04%"
"15.08.2024","787,1","789,9","807,6","761,3","8,16K","-0,37%"
"14.08.2024","790,0","803,2","830,1","784,4","5,89K","-1,64%"
"13.08.2024","803,2","805,0","822,0","789,9","4,76K","-0,46%"
"12.08.2024","806,9","787,1","838,0","784,5","6,02K","2,49%"
"11.08.2024","787,3","856,2","876,2","785,6","5,14K","-7,99%"
"10.08.2024","855,7","867,8","880,0","848,5","1,93K","-1,51%"
"09.08.2024","868,8","908,6","909,0","837,7","6,50K","-4,25%"
"08.08.2024","907,4","820,4","916,5","803,2","15,32K","10,42%"
"07.08.2024","821,8","826,7","885,2","806,2","15,83K","-0,24%"
"06.08.2024","823,8","748,3","851,5","748,3","17,59K","9,87%"
"05.08.2024","749,8","804,9","810,9","657,8","43,73K","-6,85%"
"04.08.2024","804,9","823,9","843,6","765,0","9,36K","-2,37%"
"03.08.2024","824,4","881,8","889,1","808,9","7,39K","-6,60%"
"02.08.2024","882,7","963,2","974,7","861,8","8,52K","-8,43%"
"01.08.2024","964,0","978,9","984,4","907,7","8,49K","-1,34%"
"31.07.2024","977,1","1.014,3","1.043,7","977,1","6,50K","-3,58%"
"30.07.2024","1.013,4","1.034,0","1.045,0","993,3","4,57K","-1,79%"
"29.07.2024","1.031,9","1.054,5","1.102,3","1.025,6","8,53K","-2,14%"
"28.07.2024","1.054,5","1.045,5","1.063,4","1.034,3","2,73K","0,83%"
"27.07.2024","1.045,8","1.040,7","1.069,8","1.016,4","5,88K","0,52%"
"26.07.2024","1.040,4","975,2","1.042,3","975,2","7,99K","6,69%"
"25.07.2024","975,2","1.011,0","1.019,5","940,9","8,51K","-3,51%"
"24.07.2024","1.010,7","969,0","1.029,4","959,2","7,51K","4,30%"
"23.07.2024","969,0","997,1","1.004,7","957,9","7,88K","-2,90%"
"22.07.2024","997,9","1.029,0","1.031,9","986,8","8,44K","-2,96%"
"21.07.2024","1.028,3","974,1","1.034,1","956,7","10,80K","5,71%"
"20.07.2024","972,8","942,6","981,0","936,6","6,10K","3,17%"
"19.07.2024","942,9","885,4","956,6","869,3","9,23K","6,55%"
"18.07.2024","884,9","855,1","894,9","855,1","5,69K","3,61%"
"17.07.2024","854,1","874,8","891,8","850,7","6,16K","-2,32%"
"16.07.2024","874,4","871,0","886,0","829,9","8,61K","0,22%"
"15.07.2024","872,5","807,2","874,0","805,0","8,73K","8,09%"
"14.07.2024","807,2","777,4","813,1","777,4","4,32K","3,95%"
"13.07.2024","776,5","761,7","784,8","754,0","3,19K","1,94%"
"12.07.2024","761,7","743,9","767,0","735,0","3,56K","2,35%"
"11.07.2024","744,2","774,5","788,7","743,3","5,99K","-3,91%"
"10.07.2024","774,5","772,9","798,7","758,3","5,25K","0,34%"
"09.07.2024","771,9","771,1","794,1","753,6","5,76K","0,26%"
"08.07.2024","769,9","727,3","781,4","707,7","7,89K","6,12%"
"07.07.2024","725,5","790,7","790,7","725,1","3,99K","-8,20%"
"06.07.2024","790,3","739,7","794,5","730,1","5,08K","6,81%"
"05.07.2024","739,9","711,3","749,8","677,0","13,73K","4,28%"
"04.07.2024","709,5","788,1","799,1","706,4","9,45K","-9,97%"
"03.07.2024","788,1","876,5","878,9","777,7","9,30K","-10,03%"
"02.07.2024","876,0","825,8","881,8","823,1","6,40K","6,03%"
"01.07.2024","826,2","823,0","836,9","816,1","4,20K","0,40%"
"30.06.2024","822,9","788,5","827,4","771,9","3,03K","4,36%"
"29.06.2024","788,5","785,7","803,3","785,0","1,86K","0,36%"
"28.06.2024","785,7","825,4","830,0","782,1","4,79K","-4,86%"
"27.06.2024","825,8","755,8","836,7","747,2","6,56K","9,26%"
"26.06.2024","755,8","749,2","771,0","745,4","4,31K","0,91%"
"25.06.2024","749,0","719,8","764,5","700,0","4,74K","3,85%"
"24.06.2024","721,2","703,8","721,3","675,6","7,14K","2,31%"
"23.06.2024","704,9","732,3","739,3","702,4","2,59K","-3,74%"
"22.06.2024","732,3","737,4","747,2","728,1","2,19K","-0,54%"
"21.06.2024","736,3","731,9","741,0","705,4","5,30K","0,64%"
"20.06.2024","731,6","740,9","771,3","722,8","6,46K","-1,26%"
"19.06.2024","740,9","751,0","776,1","736,2","5,59K","-1,48%"
"18.06.2024","752,0","779,8","782,8","700,7","11,57K","-3,58%"
"17.06.2024","779,9","819,9","822,3","762,1","5,00K","-4,89%"
"16.06.2024","820,0","789,0","820,0","776,1","2,17K","3,90%"
"15.06.2024","789,2","775,7","789,9","775,1","2,17K","1,65%"
"14.06.2024","776,4","797,3","803,9","753,1","5,71K","-2,62%"
"13.06.2024","797,3","841,1","841,5","790,0","5,62K","-5,22%"
"12.06.2024","841,2","807,4","869,1","787,6","8,89K","4,15%"
"11.06.2024","807,7","854,4","860,4","787,2","7,10K","-5,57%"
"10.06.2024","855,3","873,5","878,9","849,7","4,52K","-2,12%"
"09.06.2024","873,8","850,8","878,2","844,2","2,62K","2,70%"
"08.06.2024","850,8","874,0","880,2","848,6","3,51K","-2,75%"
"07.06.2024","874,9","899,4","913,0","823,0","6,19K","-2,76%"
"06.06.2024","899,7","919,4","925,0","887,2","3,86K","-2,07%"
"05.06.2024","918,7","907,7","929,9","903,1","6,92K","1,21%"
"04.06.2024","907,7","865,1","908,6","863,1","4,83K","4,83%"
"03.06.2024","865,9","861,8","880,5","855,4","4,91K","0,37%"
"02.06.2024","862,7","876,5","881,3","852,2","3,60K","-1,57%"
"01.06.2024","876,5","872,9","885,7","872,9","2,12K","0,33%"
"31.05.2024","873,6","872,9","893,8","862,8","3,99K","0,06%"
"30.05.2024","873,1","881,1","900,0","857,3","4,86K","-0,82%"
"29.05.2024","880,3","877,0","901,6","869,8","4,04K","0,49%"
"28.05.2024","876,0","883,4","895,7","858,8","4,69K","-0,90%"
"27.05.2024","884,0","849,9","893,7","849,8","5,82K","4,02%"
"26.05.2024","849,8","874,8","875,4","838,3","4,08K","-2,88%"
"25.05.2024","875,0","870,5","884,7","862,0","2,78K","0,48%"
"24.05.2024","870,8","910,6","911,1","844,1","5,56K","-4,57%"
"23.05.2024","912,5","914,1","936,6","866,5","7,90K","-0,21%"
"22.05.2024","914,4","913,1","944,0","895,5","4,80K","0,21%"
"21.05.2024","912,5","943,0","954,2","893,9","7,51K","-3,54%"
"20.05.2024","946,0","874,6","962,0","863,3","9,97K","8,16%"
"19.05.2024","874,6","885,7","900,5","856,0","3,71K","-1,29%"
"18.05.2024","886,0","867,7","902,0","864,2","3,80K","2,09%"
"17.05.2024","867,9","821,5","882,0","821,5","5,49K","5,79%"
"16.05.2024","820,4","815,0","847,0","806,6","6,11K","0,90%"
"15.05.2024","813,1","733,9","814,4","730,0","7,50K","10,79%"
"14.05.2024","733,9","765,0","771,0","732,6","4,84K","-3,93%"
"13.05.2024","763,9","745,3","778,7","717,2","5,85K","2,44%"
"12.05.2024","745,7","755,3","767,4","742,5","2,98K","-1,27%"
"11.05.2024","755,3","758,5","766,6","744,0","3,16K","-0,42%"
"10.05.2024","758,5","784,7","800,0","751,0","4,43K","-3,46%"
"09.05.2024","785,7","728,0","790,0","722,2","4,83K","7,70%"
"08.05.2024","729,5","755,8","775,5","717,9","4,89K","-3,48%"
"07.05.2024","755,8","778,5","811,9","754,0","6,56K","-2,85%"
"06.05.2024","778,0","745,3","800,9","743,7","8,64K","4,56%"
"05.05.2024","744,1","747,2","756,4","730,3","4,14K","-0,32%"
"04.05.2024","746,5","733,3","762,4","727,5","4,15K","1,80%"
"03.05.2024","733,3","709,7","741,0","700,0","6,64K","3,43%"
"02.05.2024","709,0","702,4","725,6","670,0","6,16K","0,75%"
"01.05.2024","703,7","664,0","709,4","623,1","8,41K","5,93%"
"30.04.2024","664,3","708,0","717,7","636,2","7,46K","-6,17%"
"29.04.2024","708,0","711,9","716,6","686,7","5,18K","-0,51%"
"28.04.2024","711,6","729,3","746,2","707,3","2,39K","-2,44%"
"27.04.2024","729,4","717,8","738,0","693,1","3,10K","1,67%"
"26.04.2024","717,4","752,5","753,9","716,3","3,71K","-4,64%"
"25.04.2024","752,3","765,8","776,1","740,8","4,29K","-1,98%"
"24.04.2024","767,5","799,3","826,6","752,2","6,04K","-3,91%"
"23.04.2024","798,7","815,8","828,5","796,7","4,89K","-2,07%"
"22.04.2024","815,6","781,3","824,0","771,3","6,00K","4,42%"
"21.04.2024","781,1","795,0","805,6","770,1","3,96K","-1,70%"
"20.04.2024","794,6","749,2","800,0","735,0","5,21K","6,22%"
"19.04.2024","748,1","753,1","773,1","683,0","10,29K","-0,65%"
"18.04.2024","753,0","695,4","761,5","675,0","9,42K","8,21%"
"17.04.2024","695,9","722,6","757,7","671,3","10,75K","-3,71%"
"16.04.2024","722,7","723,8","736,3","671,2","11,24K","-0,40%"
"15.04.2024","725,6","790,9","821,3","700,0","9,59K","-9,25%"
"14.04.2024","799,6","734,5","811,8","691,3","11,85K","8,38%"
"13.04.2024","737,8","793,0","802,5","649,6","20,99K","-7,14%"
"12.04.2024","794,5","879,5","896,6","735,2","12,51K","-9,66%"
"11.04.2024","879,5","878,0","901,2","866,4","6,80K","-0,32%"
"10.04.2024","882,3","870,5","891,7","828,3","7,81K","1,44%"
"09.04.2024","869,8","914,0","916,0","854,1","7,76K","-4,97%"
"08.04.2024","915,3","916,3","935,3","896,3","5,95K","-0,16%"
"07.04.2024","916,8","910,5","932,8","904,6","3,04K","0,42%"
"06.04.2024","913,0","891,3","917,8","887,0","3,58K","2,56%"
"05.04.2024","890,2","934,7","942,1","854,0","8,07K","-4,87%"
"04.04.2024","935,8","941,7","961,7","917,9","4,92K","-0,68%"
"03.04.2024","942,2","926,3","979,7","902,7","5,96K","1,73%"
"02.04.2024","926,2","979,0","979,0","895,6","10,59K","-5,51%"
"01.04.2024","980,2","1.023,4","1.032,5","953,8","8,31K","-4,29%"
"31.03.2024","1.024,1","982,9","1.027,0","981,3","4,26K","4,19%"
"30.03.2024","982,9","972,3","1.010,5","966,6","6,65K","1,08%"
"29.03.2024","972,4","954,9","977,6","924,6","6,09K","1,89%"
"28.03.2024","954,4","931,0","961,6","906,7","6,05K","2,48%"
"27.03.2024","931,3","955,1","964,9","903,5","8,19K","-2,47%"
"26.03.2024","954,9","944,5","982,0","936,3","6,28K","1,10%"
"25.03.2024","944,5","926,1","975,0","912,1","8,71K","2,06%"
"24.03.2024","925,4","871,7","939,3","862,7","4,25K","6,25%"
"23.03.2024","871,0","881,4","904,1","860,0","3,92K","-1,14%"
"22.03.2024","881,0","900,1","911,5","842,1","5,21K","-2,09%"
"21.03.2024","899,8","962,1","981,6","880,4","8,79K","-6,62%"
"20.03.2024","963,6","864,0","969,8","827,8","12,75K","11,63%"
"19.03.2024","863,2","991,1","1.003,8","842,3","14,77K","-12,90%"
"18.03.2024","991,0","1.018,5","1.058,2","980,1","11,82K","-2,72%"
"17.03.2024","1.018,7","917,6","1.028,0","901,1","10,64K","10,90%"
"16.03.2024","918,6","926,4","998,2","895,1","15,68K","-0,53%"
"15.03.2024","923,5","889,6","949,7","833,8","27,08K","3,83%"
"14.03.2024","889,4","823,1","897,3","804,1","19,64K","8,16%"
"13.03.2024","822,3","758,6","833,7","745,7","13,89K","8,53%"
"12.03.2024","757,7","747,9","778,1","715,0","15,43K","1,49%"
"11.03.2024","746,6","727,4","753,9","690,3","12,18K","2,60%"
"10.03.2024","727,7","727,6","746,8","708,6","7,92K","0,18%"
"09.03.2024","726,4","729,3","750,5","725,5","6,58K","-0,37%"
"08.03.2024","729,1","717,4","764,7","709,2","13,18K","1,66%"
"07.03.2024","717,2","656,0","742,4","652,5","15,53K","9,55%"
"06.03.2024","654,7","629,0","673,6","601,8","12,37K","4,04%"
"05.03.2024","629,3","666,4","710,2","546,3","24,50K","-5,55%"
"04.03.2024","666,3","652,8","675,0","637,0","15,58K","2,07%"
"03.03.2024","652,8","652,2","661,2","629,1","7,98K","0,12%"
"02.03.2024","652,0","647,4","658,7","637,4","7,68K","0,23%"
"01.03.2024","650,5","631,7","689,4","631,7","13,96K","3,29%"
"29.02.2024","629,8","595,2","673,9","586,4","20,21K","5,92%"
"28.02.2024","594,6","539,3","594,6","534,1","16,71K","10,25%"
"27.02.2024","539,3","549,7","561,8","526,8","7,98K","-1,78%"
"26.02.2024","549,1","521,5","553,7","504,1","10,67K","5,35%"
"25.02.2024","521,2","523,4","525,0","513,0","2,50K","-0,48%"
"24.02.2024","523,7","502,6","527,2","496,0","4,06K","4,20%"
"23.02.2024","502,6","508,2","516,3","495,1","4,85K","-1,20%"
"22.02.2024","508,7","523,4","533,1","507,3","5,59K","-2,75%"
"21.02.2024","523,1","538,9","539,0","498,5","7,07K","-2,93%"
"20.02.2024","538,9","559,3","562,2","518,7","7,96K","-3,65%"
"19.02.2024","559,3","562,5","575,0","556,9","6,70K","-0,57%"
"18.02.2024","562,5","546,8","572,2","539,8","4,88K","2,93%"
"17.02.2024","546,5","553,4","557,4","530,9","4,64K","-1,30%"
"16.02.2024","553,7","569,8","572,9","538,0","7,16K","-2,93%"
"15.02.2024","570,4","586,1","593,2","560,2","9,84K","-2,66%"
"14.02.2024","586,0","563,0","593,2","553,6","9,35K","4,09%"
"13.02.2024","563,0","558,9","573,6","542,8","7,91K","0,99%"
"12.02.2024","557,5","538,0","560,1","517,8","9,13K","3,59%"
"11.02.2024","538,2","545,0","552,7","537,2","3,57K","-1,14%"
"10.02.2024","544,4","534,1","553,2","533,4","5,98K","2,22%"
"09.02.2024","532,6","517,0","543,8","516,5","8,41K","3,30%"
"08.02.2024","515,6","505,0","525,6","500,4","8,62K","2,30%"
"07.02.2024","504,0","483,4","507,0","472,8","7,68K","4,28%"
"06.02.2024","483,3","478,8","487,9","466,9","5,87K","0,94%"
"05.02.2024","478,8","478,1","495,3","471,8","7,00K","0,15%"
"04.02.2024","478,1","489,3","492,5","476,0","3,55K","-2,29%"
"03.02.2024","489,3","502,9","505,7","484,5","3,41K","-2,70%"
"02.02.2024","502,9","484,3","509,8","482,2","6,43K","4,57%"
"01.02.2024","480,9","483,9","487,0","465,1","8,25K","-0,56%"
"31.01.2024","483,6","505,7","509,2","478,0","9,63K","-4,20%"
"30.01.2024","504,8","506,3","530,0","502,6","9,07K","-0,30%"
"29.01.2024","506,3","475,8","507,5","471,7","7,75K","6,37%"
"28.01.2024","476,0","467,3","492,4","463,3","7,09K","1,86%"
"27.01.2024","467,3","456,8","468,5","448,6","3,71K","2,30%"
"26.01.2024","456,8","430,2","463,6","425,4","6,30K","6,23%"
"25.01.2024","430,0","441,9","444,6","422,5","4,10K","-2,38%"
"24.01.2024","440,5","421,0","443,6","416,3","9,12K","4,63%"
"23.01.2024","421,0","421,5","431,9","395,3","10,64K","0,05%"
"22.01.2024","420,8","452,9","456,0","413,2","8,38K","-6,94%"
"21.01.2024","452,2","461,5","466,4","451,4","2,64K","-1,93%"
"20.01.2024","461,1","465,4","467,9","449,2","3,48K","-0,92%"
"19.01.2024","465,4","469,0","473,6","432,0","8,38K","-0,73%"
"18.01.2024","468,8","507,8","513,6","455,0","10,37K","-7,64%"
"17.01.2024","507,6","483,9","509,8","480,0","12,10K","4,96%"
"16.01.2024","483,6","463,8","488,5","463,8","4,74K","4,16%"
"15.01.2024","464,3","462,0","477,0","458,8","4,75K","0,50%"
"14.01.2024","462,0","471,1","505,1","461,6","6,38K","-1,89%"
"13.01.2024","470,9","451,8","476,9","440,6","6,98K","4,23%"
"12.01.2024","451,8","491,2","493,6","430,0","11,16K","-8,02%"
"11.01.2024","491,2","503,5","527,0","480,3","15,27K","-2,58%"
"10.01.2024","504,2","490,0","520,2","455,1","14,54K","2,67%"
"09.01.2024","491,1","478,9","507,8","469,2","12,52K","2,55%"
"08.01.2024","478,9","440,6","489,7","420,1","8,63K","8,84%"
"07.01.2024","440,0","460,7","476,8","432,8","4,87K","-4,49%"
"06.01.2024","460,7","491,0","492,8","450,5","5,49K","-6,15%"
"05.01.2024","490,9","517,9","520,5","468,4","8,12K","-5,23%"
"04.01.2024","518,0","489,0","534,2","480,1","9,38K","5,65%"
"03.01.2024","490,3","527,6","542,5","429,0","13,65K","-7,07%"
"02.01.2024","527,6","540,0","574,2","524,3","8,31K","-2,30%"
"01.01.2024","540,0","503,0","540,2","502,6","5,19K","7,36%"
"31.12.2023","503,0","501,1","518,9","492,3","5,26K","0,38%"
"30.12.2023","501,1","523,2","528,8","497,3","5,56K","-4,19%"
"29.12.2023","523,0","499,0","539,1","488,9","9,66K","4,56%"
"28.12.2023","500,2","521,3","534,0","473,8","13,08K","-3,77%"
"27.12.2023","519,8","545,7","560,0","509,8","11,38K","-4,97%"
"26.12.2023","547,0","598,0","598,3","504,0","15,17K","-8,28%"
"25.12.2023","596,4","554,3","618,6","533,0","14,68K","7,60%"
"24.12.2023","554,3","530,6","580,0","528,6","16,77K","4,58%"
"23.12.2023","530,0","480,8","539,1","455,1","12,12K","10,42%"
"22.12.2023","480,0","462,8","488,7","445,6","14,41K","3,83%"
"21.12.2023","462,3","406,4","469,8","401,8","15,09K","13,75%"
"20.12.2023","406,4","358,7","413,8","358,2","14,38K","13,30%"
"19.12.2023","358,7","367,2","376,8","352,0","7,17K","-2,31%"
"18.12.2023","367,2","354,5","372,0","334,3","8,31K","3,88%"
"17.12.2023","353,5","367,0","373,7","352,9","8,54K","-3,76%"
"16.12.2023","367,3","360,9","384,6","355,0","6,50K","1,77%"
"15.12.2023","360,9","374,1","393,5","359,9","11,32K","-3,35%"
"14.12.2023","373,4","350,6","375,8","345,0","8,37K","6,50%"
"13.12.2023","350,6","342,4","359,7","319,0","8,09K","2,28%"
"12.12.2023","342,8","349,7","360,5","328,9","7,29K","-2,09%"
"11.12.2023","350,1","372,8","372,8","326,6","14,84K","-5,74%"
"10.12.2023","371,4","359,7","372,2","352,2","8,19K","3,31%"
"09.12.2023","359,5","372,5","385,1","357,5","15,59K","-3,49%"
"08.12.2023","372,5","335,3","373,0","335,3","19,16K","11,26%"
"07.12.2023","334,8","305,7","341,4","304,1","18,68K","9,52%"
"06.12.2023","305,7","303,3","330,7","303,3","18,60K","0,96%"
"05.12.2023","302,8","306,4","310,3","294,2","11,97K","-1,08%"
"04.12.2023","306,1","310,8","321,0","296,0","11,64K","-1,51%"
"03.12.2023","310,8","314,2","322,1","307,0","6,06K","-1,08%"
"02.12.2023","314,2","293,8","314,2","293,8","5,68K","6,83%"
"01.12.2023","294,1","293,5","304,2","290,2","6,02K","0,34%"
"30.11.2023","293,1","292,2","304,0","289,5","5,05K","0,31%"
"29.11.2023","292,2","285,1","303,2","283,0","8,73K","2,49%"
"28.11.2023","285,1","271,5","287,5","266,1","5,74K","5,01%"
"27.11.2023","271,5","284,8","287,1","264,3","6,27K","-4,77%"
"26.11.2023","285,1","290,3","291,3","278,9","4,35K","-1,79%"
"25.11.2023","290,3","280,6","294,9","275,8","5,14K","3,53%"
"24.11.2023","280,4","279,4","289,3","277,5","5,27K","0,32%"
"23.11.2023","279,5","284,0","292,8","277,4","5,48K","-1,34%"
"22.11.2023","283,3","255,0","290,1","255,0","8,60K","11,32%"
"21.11.2023","254,5","276,1","280,5","253,1","13,29K","-7,99%"
"20.11.2023","276,6","302,3","302,7","274,0","9,85K","-8,50%"
"19.11.2023","302,3","289,5","306,9","280,6","9,27K","4,42%"
"18.11.2023","289,5","287,4","293,4","270,6","6,55K","0,31%"
"17.11.2023","288,6","284,6","296,5","267,6","17,06K","1,62%"
"16.11.2023","284,0","322,2","334,0","277,9","23,98K","-11,47%"
"15.11.2023","320,8","279,1","328,9","276,3","26,92K","14,94%"
"14.11.2023","279,1","255,6","282,5","255,6","23,26K","9,15%"
"13.11.2023","255,7","278,9","297,5","254,9","26,22K","-8,45%"
"12.11.2023","279,3","278,8","306,5","271,6","22,71K","-0,07%"
"11.11.2023","279,5","281,0","314,9","265,9","33,56K","-0,39%"
"10.11.2023","280,6","225,3","284,3","224,6","26,91K","24,32%"
"09.11.2023","225,7","213,4","240,3","210,0","24,33K","5,76%"
"08.11.2023","213,4","210,4","215,1","207,5","11,65K","1,28%"
"07.11.2023","210,7","207,5","217,9","197,4","17,38K","1,59%"
"06.11.2023","207,4","203,8","207,7","196,5","11,18K","1,77%"
"05.11.2023","203,8","210,3","211,8","199,2","8,53K","-3,37%"
"04.11.2023","210,9","195,0","211,1","193,3","12,64K","8,15%"
"03.11.2023","195,0","200,6","200,6","190,0","15,33K","-3,03%"
"02.11.2023","201,1","205,4","222,9","193,7","25,26K","-2,00%"
"01.11.2023","205,2","194,2","233,3","191,6","65,91K","5,56%"
"31.10.2023","194,4","177,0","195,0","176,5","15,92K","9,83%"
"30.10.2023","177,0","165,0","178,9","163,2","13,39K","7,27%"
"29.10.2023","165,0","159,7","167,1","158,0","6,08K","3,32%"
"28.10.2023","159,7","160,1","163,8","158,8","11,34K","-0,25%"
"27.10.2023","160,1","164,7","166,4","157,5","8,95K","-2,79%"
"26.10.2023","164,7","163,5","167,5","154,8","11,46K","0,73%"
"25.10.2023","163,5","151,5","170,1","150,6","15,17K","7,92%"
"24.10.2023","151,5","161,4","163,4","148,7","20,29K","-5,84%"
"23.10.2023","160,9","147,1","165,1","145,2","28,77K","9,31%"
"22.10.2023","147,2","148,5","152,0","142,6","7,83K","-1,01%"
"21.10.2023","148,7","136,8","153,2","135,2","22,25K","8,70%"
"20.10.2023","136,8","126,5","138,5","125,8","11,01K","8,23%"
"19.10.2023","126,4","119,0","128,6","118,0","10,31K","6,22%"
"18.10.2023","119,0","121,3","122,9","119,0","3,63K","-1,90%"
"17.10.2023","121,3","121,0","123,7","119,6","6,84K","0,25%"
"16.10.2023","121,0","112,3","124,2","112,3","9,86K","7,75%"
"15.10.2023","112,3","112,7","113,4","111,2","0,94K","-0,35%"
"14.10.2023","112,7","111,8","114,0","111,7","1,98K","0,81%"
"13.10.2023","111,8","108,4","113,5","107,7","2,73K","3,14%"
"12.10.2023","108,4","112,0","112,0","107,2","2,38K","-3,21%"
"11.10.2023","112,0","112,3","114,0","110,3","3,59K","-0,27%"
"10.10.2023","112,3","114,1","116,0","110,9","3,40K","-1,66%"
"09.10.2023","114,2","120,8","121,1","113,0","5,84K","-5,46%"
"08.10.2023","120,8","120,8","122,6","120,3","2,67K","0,00%"
"07.10.2023","120,8","121,1","124,9","120,0","4,99K","-0,25%"
"06.10.2023","121,1","117,7","123,0","117,7","8,64K","2,89%"
"05.10.2023","117,7","119,2","122,6","117,2","4,57K","-1,26%"
"04.10.2023","119,2","121,7","122,4","117,0","9,10K","-2,05%"
"03.10.2023","121,7","118,5","126,0","118,1","15,10K","2,61%"
"02.10.2023","118,6","120,3","124,3","116,0","10,79K","-1,33%"
"01.10.2023","120,2","107,7","123,0","106,5","16,12K","11,61%"
"30.09.2023","107,7","102,0","109,9","101,4","4,92K","5,59%"
"29.09.2023","102,0","100,8","103,0","100,1","4,48K","1,19%"
"28.09.2023","100,8","96,6","100,9","96,3","3,96K","4,35%"
"27.09.2023","96,6","94,9","97,5","94,4","2,98K","1,79%"
"26.09.2023","94,9","96,7","97,1","94,6","2,92K","-1,86%"
"25.09.2023","96,7","96,1","98,2","95,2","2,34K","0,52%"
"24.09.2023","96,2","96,6","97,7","95,8","1,38K","-0,41%"
"23.09.2023","96,6","96,3","97,2","95,9","1,78K","0,31%"
"22.09.2023","96,3","96,6","97,9","95,3","2,93K","-0,31%"
"21.09.2023","96,6","99,5","99,5","95,6","4,33K","-2,91%"
"20.09.2023","99,5","98,1","100,3","97,0","3,32K","1,43%"
"19.09.2023","98,1","96,1","99,5","95,7","2,92K","2,08%"
"18.09.2023","96,1","92,3","98,2","91,3","4,11K","4,23%"
"17.09.2023","92,2","93,8","93,8","91,6","1,14K","-1,71%"
"16.09.2023","93,8","93,7","95,0","92,5","1,77K","0,00%"
"15.09.2023","93,8","92,6","95,1","90,9","2,73K","1,30%"
"14.09.2023","92,6","91,1","95,4","91,1","4,09K","1,65%"
"13.09.2023","91,1","89,1","91,6","88,1","3,16K","2,24%"
"12.09.2023","89,1","87,9","92,9","87,1","4,06K","1,25%"
"11.09.2023","88,0","91,3","92,4","86,4","4,96K","-3,61%"
"10.09.2023","91,3","97,6","97,6","89,8","5,90K","-6,45%"
"09.09.2023","97,6","98,3","98,3","97,3","1,29K","-0,71%"
"08.09.2023","98,3","99,6","101,2","97,1","3,26K","-1,31%"
"07.09.2023","99,6","98,1","100,0","96,7","2,96K","1,53%"
"06.09.2023","98,1","101,1","101,6","95,8","4,13K","-2,97%"
"05.09.2023","101,1","96,6","102,8","94,8","4,83K","4,66%"
"04.09.2023","96,6","97,7","99,5","95,1","2,66K","-1,13%"
"03.09.2023","97,7","97,0","97,9","96,1","0,96K","0,72%"
"02.09.2023","97,0","96,0","98,0","95,5","1,96K","1,04%"
"01.09.2023","96,0","98,2","99,3","94,6","2,98K","-2,44%"
"31.08.2023","98,4","102,3","103,1","96,9","4,59K","-3,81%"
"30.08.2023","102,3","106,5","107,2","100,8","3,10K","-3,94%"
"29.08.2023","106,5","100,7","107,5","98,5","4,94K","5,76%"
"28.08.2023","100,7","102,1","102,1","98,9","2,36K","-1,37%"
"27.08.2023","102,1","99,8","102,7","99,5","2,93K","2,30%"
"26.08.2023","99,8","99,9","100,5","99,1","1,67K","-0,10%"
"25.08.2023","99,9","103,2","103,2","98,3","2,71K","-3,20%"
"24.08.2023","103,2","106,5","107,6","101,6","2,13K","-3,10%"
"23.08.2023","106,5","102,3","106,5","101,4","2,68K","4,11%"
"22.08.2023","102,3","106,2","106,3","96,5","3,24K","-3,67%"
"21.08.2023","106,2","109,7","109,7","103,1","2,78K","-2,93%"
"20.08.2023","109,4","110,2","110,8","108,6","0,82K","-0,73%"
"19.08.2023","110,2","107,2","111,3","107,0","1,91K","2,80%"
"18.08.2023","107,2","109,3","111,9","104,8","4,20K","-1,92%"
"17.08.2023","109,3","114,2","117,6","101,2","7,90K","-4,29%"
"16.08.2023","114,2","119,6","120,3","112,6","4,20K","-4,52%"
"15.08.2023","119,6","125,0","126,0","119,0","4,39K","-4,32%"
"14.08.2023","125,0","119,7","125,3","119,0","12,81K","4,43%"
"13.08.2023","119,7","122,7","122,9","119,7","1,18K","-2,44%"
"12.08.2023","122,7","121,0","123,9","120,2","1,66K","1,40%"
"11.08.2023","121,0","120,8","122,0","119,3","2,58K","0,17%"
"10.08.2023","120,8","120,3","121,3","118,6","2,01K","0,33%"
"09.08.2023","120,4","118,9","122,7","118,9","3,25K","1,18%"
"08.08.2023","119,0","113,4","121,5","112,8","6,87K","5,03%"
"07.08.2023","113,3","113,8","115,7","110,5","3,07K","-0,44%"
"06.08.2023","113,8","111,0","115,0","110,9","2,33K","2,52%"
"05.08.2023","111,0","111,9","112,7","109,7","2,48K","-0,80%"
"04.08.2023","111,9","111,4","115,1","110,3","4,58K","0,27%"
"03.08.2023","111,6","112,0","113,4","108,9","4,73K","-0,36%"
"02.08.2023","112,0","115,4","116,7","111,0","4,72K","-2,95%"
"01.08.2023","115,4","112,9","115,4","109,3","5,92K","2,03%"
"31.07.2023","113,1","115,9","118,1","112,1","4,86K","-2,58%"
"30.07.2023","116,1","120,1","120,3","113,5","3,60K","-3,33%"
"29.07.2023","120,1","118,7","121,3","118,4","2,53K","1,18%"
"28.07.2023","118,7","119,8","121,5","117,1","4,01K","-0,92%"
"27.07.2023","119,8","120,2","121,7","117,7","4,58K","-0,33%"
"26.07.2023","120,2","111,3","121,9","110,8","5,24K","8,00%"
"25.07.2023","111,3","111,8","112,6","108,6","3,61K","-0,45%"
"24.07.2023","111,8","119,4","119,8","109,7","5,61K","-6,37%"
"23.07.2023","119,4","118,4","121,7","116,6","2,64K","0,84%"
"22.07.2023","118,4","122,6","125,1","116,1","3,92K","-3,43%"
"21.07.2023","122,6","122,4","124,5","120,8","4,90K","0,16%"
"20.07.2023","122,4","127,3","131,7","121,2","5,42K","-3,85%"
"19.07.2023","127,3","123,7","129,7","122,4","2,78K","2,91%"
"18.07.2023","123,7","129,8","130,8","119,8","4,28K","-4,70%"
"17.07.2023","129,8","132,7","137,0","125,4","7,00K","-2,19%"
"16.07.2023","132,7","133,0","138,4","129,5","3,53K","-0,23%"
"15.07.2023","133,0","129,4","140,5","128,5","6,32K","2,78%"
"14.07.2023","129,4","124,7","146,6","122,1","19,07K","3,69%"
"13.07.2023","124,8","106,6","127,9","104,1","17,57K","17,07%"
"12.07.2023","106,6","107,8","110,1","105,5","5,49K","-1,11%"
"11.07.2023","107,8","104,0","109,8","103,9","6,16K","3,65%"
"10.07.2023","104,0","104,9","106,9","100,9","4,68K","-0,86%"
"09.07.2023","104,9","107,3","110,0","103,7","4,10K","-2,24%"
"08.07.2023","107,3","105,6","109,9","104,6","6,89K","1,71%"
"07.07.2023","105,5","97,0","106,4","95,3","17,13K","8,76%"
"06.07.2023","97,0","92,2","103,8","92,2","11,64K","5,21%"
"05.07.2023","92,2","93,2","94,0","90,4","4,65K","-0,86%"
"04.07.2023","93,0","92,4","96,5","91,9","4,38K","0,65%"
"03.07.2023","92,4","93,9","94,7","91,0","4,58K","-1,60%"
"02.07.2023","93,9","90,2","95,2","89,6","5,01K","4,10%"
"01.07.2023","90,2","90,9","91,4","86,5","3,34K","-0,88%"
"30.06.2023","91,0","87,8","96,4","84,1","13,44K","3,64%"
"29.06.2023","87,8","78,2","88,7","77,5","9,31K","12,28%"
"28.06.2023","78,2","80,4","80,4","76,2","4,66K","-2,74%"
"27.06.2023","80,4","78,2","81,8","77,6","3,02K","2,81%"
"26.06.2023","78,2","81,6","82,1","76,5","3,81K","-4,52%"
"25.06.2023","81,9","79,9","83,2","79,7","3,12K","2,50%"
"24.06.2023","79,9","82,5","84,4","78,9","3,06K","-3,15%"
"23.06.2023","82,5","80,0","84,2","77,8","5,29K","3,13%"
"22.06.2023","80,0","82,4","84,4","79,5","3,31K","-2,91%"
"21.06.2023","82,4","80,0","83,1","79,6","4,31K","3,00%"
"20.06.2023","80,0","77,4","80,0","75,8","5,16K","3,36%"
"19.06.2023","77,4","75,1","77,5","74,4","2,82K","3,06%"
"18.06.2023","75,1","76,2","77,0","74,7","1,52K","-1,44%"
"17.06.2023","76,2","74,3","77,8","73,7","2,38K","2,56%"
"16.06.2023","74,3","71,6","75,0","70,0","3,68K","4,06%"
"15.06.2023","71,4","70,6","72,9","68,4","9,25K","1,13%"
"14.06.2023","70,6","73,6","74,8","68,7","6,99K","-4,08%"
"13.06.2023","73,6","74,3","77,4","72,3","5,20K","-0,94%"
"12.06.2023","74,3","76,9","77,2","72,5","4,82K","-3,38%"
"11.06.2023","76,9","77,5","79,8","74,9","3,98K","-0,65%"
"10.06.2023","77,4","85,6","85,8","63,7","20,52K","-9,58%"
"09.06.2023","85,6","93,9","95,9","84,4","8,39K","-8,84%"
"08.06.2023","93,9","92,7","94,8","90,8","3,68K","1,29%"
"07.06.2023","92,7","100,7","101,2","92,0","7,84K","-7,94%"
"06.06.2023","100,7","99,4","102,3","95,8","7,38K","0,70%"
"05.06.2023","100,0","109,3","110,3","96,0","6,62K","-8,51%"
"04.06.2023","109,3","106,0","111,8","105,4","3,52K","3,11%"
"03.06.2023","106,0","106,1","106,6","105,1","0,74K","-0,09%"
"02.06.2023","106,1","103,4","107,4","102,8","3,41K","2,61%"
"01.06.2023","103,4","105,9","106,6","103,0","2,22K","-2,36%"
"31.05.2023","105,9","107,8","107,9","104,0","4,62K","-1,76%"
"30.05.2023","107,8","104,0","108,6","103,4","5,57K","3,65%"
"29.05.2023","104,0","104,8","105,3","102,0","2,10K","-0,48%"
"28.05.2023","104,5","102,9","106,6","102,3","4,00K","1,75%"
"27.05.2023","102,7","97,3","103,3","97,1","3,85K","5,55%"
"26.05.2023","97,3","96,9","98,2","96,2","2,16K","0,41%"
"25.05.2023","96,9","95,8","97,9","93,8","1,61K","1,15%"
"24.05.2023","95,8","100,0","100,1","94,2","3,29K","-4,20%"
"23.05.2023","100,0","97,7","100,6","97,1","2,53K","2,35%"
"22.05.2023","97,7","98,5","100,0","96,8","2,41K","-0,81%"
"21.05.2023","98,5","101,5","101,8","97,1","2,75K","-2,96%"
"20.05.2023","101,5","102,1","102,2","101,1","1,44K","-0,29%"
"19.05.2023","101,8","101,6","103,1","101,3","2,19K","0,10%"
"18.05.2023","101,7","104,6","104,7","101,0","2,34K","-2,87%"
"17.05.2023","104,7","103,0","105,2","101,9","3,39K","1,65%"
"16.05.2023","103,0","103,6","104,2","101,8","2,84K","-0,58%"
"15.05.2023","103,6","104,2","106,7","102,7","3,02K","-0,58%"
"14.05.2023","104,2","103,3","105,6","102,3","2,16K","0,87%"
"13.05.2023","103,3","104,0","105,9","103,3","3,56K","-0,67%"
"12.05.2023","104,0","100,6","104,2","98,9","4,32K","3,38%"
"11.05.2023","100,6","104,4","104,4","98,9","4,45K","-3,64%"
"10.05.2023","104,4","103,7","106,2","99,5","5,63K","0,68%"
"09.05.2023","103,7","104,0","105,6","102,6","3,44K","-0,48%"
"08.05.2023","104,2","108,2","109,5","100,9","8,56K","-4,40%"
"07.05.2023","109,0","110,0","114,0","108,9","6,12K","-0,91%"
"06.05.2023","110,0","113,7","115,6","108,1","4,03K","-3,08%"
"05.05.2023","113,5","108,6","114,8","108,5","7,14K","4,51%"
"04.05.2023","108,6","111,5","112,9","108,3","6,11K","-2,60%"
"03.05.2023","111,5","112,7","112,8","107,2","6,24K","-1,06%"
"02.05.2023","112,7","110,9","113,3","109,7","4,70K","1,53%"
"01.05.2023","111,0","114,3","115,1","109,0","6,17K","-2,89%"
"30.04.2023","114,3","116,5","120,0","114,3","3,73K","-1,89%"
"29.04.2023","116,5","117,5","119,6","115,3","4,63K","-0,85%"
"28.04.2023","117,5","111,9","118,1","111,2","8,05K","5,00%"
"27.04.2023","111,9","108,3","113,0","107,9","4,92K","3,32%"
"26.04.2023","108,3","111,8","116,6","104,6","11,60K","-2,87%"
"25.04.2023","111,5","108,5","111,7","105,8","4,85K","2,67%"
"24.04.2023","108,6","109,6","112,5","107,2","5,05K","-0,91%"
"23.04.2023","109,6","111,7","114,0","107,0","3,74K","-2,23%"
"22.04.2023","112,1","109,1","112,6","107,9","3,56K","2,75%"
"21.04.2023","109,1","112,9","114,0","108,0","5,92K","-3,37%"
"20.04.2023","112,9","116,5","118,4","109,8","9,04K","-3,09%"
"19.04.2023","116,5","124,5","124,5","110,8","12,55K","-6,43%"
"18.04.2023","124,5","122,3","126,5","119,9","7,15K","1,80%"
"17.04.2023","122,3","126,4","129,6","121,4","6,04K","-3,24%"
"16.04.2023","126,4","120,2","127,0","119,3","6,99K","5,16%"
"15.04.2023","120,2","122,6","122,6","118,7","2,55K","-1,80%"
"14.04.2023","122,4","121,1","125,5","118,2","10,07K","1,07%"
"13.04.2023","121,1","117,8","125,5","117,4","5,89K","2,80%"
"12.04.2023","117,8","115,8","122,0","112,9","10,63K","1,90%"
"11.04.2023","115,6","106,2","119,2","105,8","17,58K","8,85%"
"10.04.2023","106,2","103,1","106,4","102,4","4,53K","2,91%"
"09.04.2023","103,2","102,1","104,0","101,5","2,47K","1,08%"
"08.04.2023","102,1","104,2","105,3","101,3","2,51K","-2,02%"
"07.04.2023","104,2","104,9","105,8","103,0","2,33K","-0,67%"
"06.04.2023","104,9","106,1","106,2","104,3","2,99K","-1,13%"
"05.04.2023","106,1","106,8","108,8","104,5","6,58K","-0,66%"
"04.04.2023","106,8","104,3","108,2","103,5","6,55K","2,40%"
"03.04.2023","104,3","105,2","106,8","102,6","4,14K","-1,04%"
"02.04.2023","105,4","107,8","108,8","104,0","4,12K","-2,23%"
"01.04.2023","107,8","108,1","108,8","106,4","2,29K","-0,19%"
"31.03.2023","108,0","105,8","109,8","103,5","6,63K","2,08%"
"30.03.2023","105,8","109,0","111,5","103,8","5,77K","-2,94%"
"29.03.2023","109,0","106,6","111,8","106,5","5,94K","2,54%"
"28.03.2023","106,3","104,6","108,1","103,4","5,42K","1,33%"
"27.03.2023","104,9","110,9","111,0","102,9","4,20K","-5,41%"
"26.03.2023","110,9","108,3","111,9","107,5","1,89K","2,40%"
"25.03.2023","108,3","109,2","111,0","107,0","2,84K","-0,82%"
"24.03.2023","109,2","117,9","118,5","107,6","7,65K","-7,38%"
"23.03.2023","117,9","113,5","120,4","111,9","8,72K","3,88%"
"22.03.2023","113,5","119,4","122,5","111,0","14,01K","-4,94%"
"21.03.2023","119,4","117,2","123,2","114,0","11,00K","2,14%"
"20.03.2023","116,9","115,7","126,3","113,7","17,77K","1,12%"
"19.03.2023","115,6","111,8","118,5","111,8","6,36K","3,40%"
"18.03.2023","111,8","114,7","120,8","111,5","12,52K","-2,53%"
"17.03.2023","114,7","103,8","114,8","102,6","10,63K","10,50%"
"16.03.2023","103,8","102,1","105,2","100,5","6,45K","1,67%"
"15.03.2023","102,1","110,4","113,0","99,9","11,18K","-7,27%"
"14.03.2023","110,1","106,7","115,9","103,2","14,99K","3,28%"
"13.03.2023","106,6","104,3","111,4","97,6","17,14K","2,21%"
"12.03.2023","104,3","92,3","105,2","90,9","9,74K","13,00%"
"11.03.2023","92,3","95,4","99,3","88,2","12,81K","-3,25%"
"10.03.2023","95,4","89,9","96,0","83,2","11,48K","6,12%"
"09.03.2023","89,9","95,3","97,2","87,8","7,55K","-5,67%"
"08.03.2023","95,3","106,0","107,0","94,6","9,63K","-10,09%"
"07.03.2023","106,0","106,9","108,7","103,0","4,29K","-0,84%"
"06.03.2023","106,9","109,9","110,3","106,5","3,91K","-2,73%"
"05.03.2023","109,9","109,8","113,4","109,2","3,26K","0,09%"
"04.03.2023","109,8","112,0","112,6","106,0","2,55K","-1,96%"
"03.03.2023","112,0","114,8","114,8","107,3","8,36K","-2,35%"
"02.03.2023","114,7","117,3","118,0","113,5","5,81K","-2,38%"
"01.03.2023","117,5","114,5","119,5","113,6","5,12K","2,62%"
"28.02.2023","114,5","118,5","118,9","114,4","4,15K","-3,21%"
"27.02.2023","118,3","121,4","121,9","116,5","3,44K","-2,55%"
"26.02.2023","121,4","116,8","122,5","116,2","2,85K","3,76%"
"25.02.2023","117,0","120,5","121,4","112,0","7,07K","-2,90%"
"24.02.2023","120,5","123,6","124,5","117,8","6,93K","-2,51%"
"23.02.2023","123,6","125,4","127,9","122,3","7,40K","-1,44%"
"22.02.2023","125,4","130,3","131,3","121,6","10,52K","-3,76%"
"21.02.2023","130,3","136,5","138,0","127,8","8,81K","-4,54%"
"20.02.2023","136,5","129,9","141,0","126,6","12,80K","5,24%"
"19.02.2023","129,7","122,0","133,4","120,8","11,51K","6,31%"
"18.02.2023","122,0","120,5","124,2","119,3","3,68K","1,24%"
"17.02.2023","120,5","116,2","122,4","115,1","7,78K","3,61%"
"16.02.2023","116,3","124,0","126,0","116,1","12,18K","-6,21%"
"15.02.2023","124,0","114,1","124,2","111,9","18,94K","9,06%"
"14.02.2023","113,7","108,5","115,3","107,4","8,65K","4,79%"
"13.02.2023","108,5","113,5","113,8","102,9","10,71K","-4,41%"
"12.02.2023","113,5","109,4","117,7","108,6","10,87K","3,75%"
"11.02.2023","109,4","105,6","110,0","105,6","4,54K","3,60%"
"10.02.2023","105,6","108,4","112,2","103,5","8,69K","-2,58%"
"09.02.2023","108,4","121,1","121,7","106,8","13,31K","-10,49%"
"08.02.2023","121,1","124,8","125,6","119,4","18,31K","-2,42%"
"07.02.2023","124,1","117,6","124,5","117,0","15,73K","5,44%"
"06.02.2023","117,7","122,0","123,2","116,7","14,20K","-3,52%"
"05.02.2023","122,0","125,4","126,3","119,8","8,93K","-2,87%"
"04.02.2023","125,6","127,0","128,3","125,3","6,17K","-1,10%"
"03.02.2023","127,0","123,8","128,4","122,5","12,47K","3,08%"
"02.02.2023","123,2","127,0","131,8","122,6","14,29K","-2,99%"
"01.02.2023","127,0","122,1","128,0","115,6","18,33K","4,01%"
"31.01.2023","122,1","123,0","125,2","120,9","12,53K","-0,89%"
"30.01.2023","123,2","133,6","135,0","119,8","14,61K","-7,78%"
"29.01.2023","133,6","123,4","136,7","122,2","21,27K","8,27%"
"28.01.2023","123,4","125,5","129,0","122,1","7,45K","-1,67%"
"27.01.2023","125,5","124,4","127,9","119,7","13,80K","0,97%"
"26.01.2023","124,3","125,5","128,9","122,2","10,91K","-1,11%"
"25.01.2023","125,7","117,9","129,3","115,5","23,20K","6,62%"
"24.01.2023","117,9","126,8","131,0","116,5","17,52K","-7,17%"
"23.01.2023","127,0","126,6","130,1","125,2","14,95K","0,24%"
"22.01.2023","126,7","128,2","132,6","123,6","12,04K","-1,17%"
"21.01.2023","128,2","133,2","136,9","127,7","18,54K","-3,68%"
"20.01.2023","133,1","111,5","134,4","109,0","18,48K","19,48%"
"19.01.2023","111,4","108,4","113,5","107,2","8,33K","3,05%"
"18.01.2023","108,1","118,0","121,0","106,3","19,74K","-8,16%"
"17.01.2023","117,7","122,0","123,6","117,2","14,81K","-3,52%"
"16.01.2023","122,0","117,8","128,0","115,5","24,79K","3,57%"
"15.01.2023","117,8","124,4","127,8","113,0","25,38K","-5,38%"
"14.01.2023","124,5","93,9","126,8","93,6","79,72K","32,59%"
"13.01.2023","93,9","85,9","95,4","84,1","26,72K","9,44%"
"12.01.2023","85,8","85,2","88,2","81,7","23,16K","0,70%"
"11.01.2023","85,2","84,9","86,1","80,2","16,47K","0,35%"
"10.01.2023","84,9","86,0","87,6","82,7","18,46K","-1,28%"
"09.01.2023","86,0","76,6","93,0","76,3","62,79K","11,69%"
"08.01.2023","77,0","69,3","77,8","68,1","16,50K","11,11%"
"07.01.2023","69,3","71,4","71,4","68,9","8,48K","-2,81%"
"06.01.2023","71,3","72,0","72,9","68,3","19,76K","-1,25%"
"05.01.2023","72,2","72,6","74,7","70,1","23,97K","-0,96%"
"04.01.2023","72,9","72,4","76,7","70,0","33,87K","0,83%"
"03.01.2023","72,3","59,9","73,0","58,6","30,26K","20,70%"
"02.01.2023","59,9","53,0","61,1","52,2","29,53K","13,02%"
"01.01.2023","53,0","53,0","53,6","51,7","5,82K","0,00%"
"31.12.2022","53,0","52,9","54,1","51,8","9,94K","0,38%"
"30.12.2022","52,8","50,8","54,0","48,0","59,82K","2,92%"
"29.12.2022","51,3","51,8","52,9","42,9","34,46K","-0,97%"
"28.12.2022","51,8","58,7","58,8","50,5","20,94K","-11,75%"
"27.12.2022","58,7","59,4","59,7","57,0","10,21K","-1,01%"
"26.12.2022","59,3","59,0","59,5","58,0","5,17K","0,51%"
"25.12.2022","59,0","59,4","59,8","58,3","3,32K","-0,67%"
"24.12.2022","59,4","61,1","61,1","58,0","6,58K","-2,78%"
"23.12.2022","61,1","61,6","63,0","60,8","5,22K","-0,81%"
"22.12.2022","61,6","63,5","63,8","61,1","6,47K","-2,99%"
"21.12.2022","63,5","64,5","64,5","62,4","2,73K","-1,55%"
"20.12.2022","64,5","63,5","65,9","62,9","5,69K","1,57%"
"19.12.2022","63,5","65,5","66,7","62,3","5,28K","-3,05%"
"18.12.2022","65,5","66,3","66,7","65,1","3,30K","-1,21%"
"17.12.2022","66,3","65,3","66,4","63,4","5,12K","1,53%"
"16.12.2022","65,3","74,3","75,0","64,2","12,37K","-12,11%"
"15.12.2022","74,3","74,3","76,3","73,3","4,13K","0,00%"
"14.12.2022","74,3","72,7","79,0","72,3","7,19K","2,62%"
"13.12.2022","72,4","70,1","73,5","67,3","8,73K","3,72%"
"12.12.2022","69,8","70,4","70,7","67,9","4,37K","-0,85%"
"11.12.2022","70,4","71,0","72,2","70,2","2,48K","-0,85%"
"10.12.2022","71,0","71,5","72,0","71,0","4,81K","-0,70%"
"09.12.2022","71,5","71,7","73,1","71,1","2,65K","-0,28%"
"08.12.2022","71,7","70,9","72,2","69,8","3,69K","1,13%"
"07.12.2022","70,9","75,0","75,4","70,7","5,21K","-5,47%"
"06.12.2022","75,0","73,0","75,6","72,8","4,46K","2,74%"
"05.12.2022","73,0","71,9","73,9","71,4","7,18K","1,53%"
"04.12.2022","71,9","69,8","72,2","69,6","4,70K","3,01%"
"03.12.2022","69,8","71,5","71,8","69,5","10,50K","-2,38%"
"02.12.2022","71,5","70,3","72,5","69,7","41,84K","1,71%"
"01.12.2022","70,3","74,3","74,3","70,0","4,53K","-5,38%"
"30.11.2022","74,3","71,1","74,8","70,0","8,01K","4,50%"
"29.11.2022","71,1","71,6","74,7","70,8","7,71K","-0,97%"
"28.11.2022","71,8","76,1","76,3","69,1","12,18K","-5,65%"
"27.11.2022","76,1","76,2","77,7","75,6","5,41K","-0,13%"
"26.11.2022","76,2","76,0","80,6","75,4","10,81K","0,26%"
"25.11.2022","76,0","78,4","78,4","74,6","12,91K","-3,06%"
"24.11.2022","78,4","77,2","80,1","74,5","15,27K","1,42%"
"23.11.2022","77,3","67,0","77,7","67,0","30,52K","15,37%"
"22.11.2022","67,0","63,3","67,2","58,3","20,78K","5,68%"
"21.11.2022","63,4","66,5","66,5","60,3","27,04K","-4,52%"
"20.11.2022","66,4","69,3","72,7","65,6","13,02K","-4,32%"
"19.11.2022","69,4","68,4","71,9","68,1","16,40K","-2,66%"
"18.11.2022","71,3","73,6","73,6","70,1","15,91K","-3,52%"
"17.11.2022","73,9","77,3","77,3","70,0","23,85K","-2,64%"
"16.11.2022","75,9","75,6","76,9","72,5","15,15K","0,40%"
"15.11.2022","75,6","74,2","79,8","73,6","23,54K","1,89%"
"14.11.2022","74,2","68,5","78,6","63,7","61,26K","8,32%"
"13.11.2022","68,5","76,4","77,3","68,2","67,81K","-10,34%"
"12.11.2022","76,4","86,9","87,6","76,4","19,15K","-12,08%"
"11.11.2022","86,9","94,8","98,2","81,5","45,71K","-8,43%"
"10.11.2022","94,9","72,6","100,8","70,4","85,95K","26,87%"
"09.11.2022","74,8","127,0","127,0","66,0","116,29K","-41,06%"
"08.11.2022","126,9","153,6","163,1","106,7","94,41K","-17,33%"
"07.11.2022","153,5","166,6","169,2","147,5","45,72K","-7,86%"
"06.11.2022","166,6","186,9","188,0","165,5","6,31K","-10,86%"
"05.11.2022","186,9","171,6","196,5","171,6","17,41K","8,85%"
"04.11.2022","171,7","159,3","173,8","158,5","5,73K","7,72%"
"03.11.2022","159,4","159,9","167,0","158,1","3,32K","-0,31%"
"02.11.2022","159,9","166,9","170,2","156,8","5,62K","-4,19%"
"01.11.2022","166,9","169,9","174,3","165,4","2,62K","-1,77%"
"31.10.2022","169,9","176,3","184,0","168,3","5,56K","-3,63%"
"30.10.2022","176,3","174,6","177,2","169,8","1,84K","0,97%"
"29.10.2022","174,6","170,1","179,2","169,4","5,18K","2,65%"
"28.10.2022","170,1","162,9","172,8","160,2","5,98K","4,42%"
"27.10.2022","162,9","167,3","172,2","162,7","5,22K","-2,46%"
"26.10.2022","167,0","162,6","169,2","162,4","5,82K","2,71%"
"25.10.2022","162,6","149,4","170,7","148,4","10,20K","8,84%"
"24.10.2022","149,4","152,1","153,1","147,9","4,48K","-1,78%"
"23.10.2022","152,1","146,0","152,8","144,9","2,60K","4,04%"
"22.10.2022","146,2","146,1","146,7","143,5","1,69K","0,07%"
"21.10.2022","146,1","147,4","148,5","142,3","5,04K","-0,95%"
"20.10.2022","147,5","153,2","156,3","147,4","3,09K","-3,72%"
"19.10.2022","153,2","159,0","159,5","152,4","3,52K","-3,65%"
"18.10.2022","159,0","164,7","166,2","157,8","3,27K","-3,69%"
"17.10.2022","165,1","160,1","165,1","158,9","1,95K","3,12%"
"16.10.2022","160,1","157,9","161,6","157,9","1,82K","1,39%"
"15.10.2022","157,9","159,9","161,0","157,4","1,57K","-1,25%"
"14.10.2022","159,9","160,9","167,9","158,4","3,84K","-0,62%"
"13.10.2022","160,9","165,0","165,0","149,4","5,99K","-2,48%"
"12.10.2022","165,0","162,9","166,5","162,7","2,05K","1,29%"
"11.10.2022","162,9","166,8","166,8","161,4","3,86K","-2,34%"
"10.10.2022","166,8","172,9","175,0","166,7","3,11K","-3,53%"
"09.10.2022","172,9","170,9","173,8","170,1","0,85K","1,17%"
"08.10.2022","170,9","172,7","173,0","170,0","1,17K","-1,04%"
"07.10.2022","172,7","175,3","177,2","171,3","3,18K","-1,48%"
"06.10.2022","175,3","177,7","179,7","174,7","3,03K","-1,35%"
"05.10.2022","177,7","177,2","178,6","174,5","3,42K","0,28%"
"04.10.2022","177,2","170,8","178,6","170,7","2,58K","3,57%"
"03.10.2022","171,1","172,9","175,1","169,2","3,80K","-0,98%"
"02.10.2022","172,8","174,7","177,7","172,0","1,32K","-0,97%"
"01.10.2022","174,5","179,1","179,1","174,5","2,84K","-2,57%"
"30.09.2022","179,1","182,7","189,3","176,3","6,19K","-2,08%"
"29.09.2022","182,9","177,5","184,9","175,9","6,44K","3,04%"
"28.09.2022","177,5","174,9","180,0","170,0","5,32K","1,49%"
"27.09.2022","174,9","180,3","186,9","171,8","7,90K","-3,00%"
"26.09.2022","180,3","168,7","180,5","167,0","4,24K","6,88%"
"25.09.2022","168,7","174,6","177,4","167,1","3,16K","-3,38%"
"24.09.2022","174,6","176,0","181,4","173,6","5,29K","-0,80%"
"23.09.2022","176,0","166,8","178,3","162,8","7,82K","5,52%"
"22.09.2022","166,8","159,8","168,9","159,5","4,37K","4,38%"
"21.09.2022","159,8","162,4","171,9","156,6","7,52K","-1,60%"
"20.09.2022","162,4","169,7","170,9","162,2","3,91K","-4,30%"
"19.09.2022","169,7","164,2","171,9","161,9","4,56K","3,73%"
"18.09.2022","163,6","177,4","178,6","163,3","2,63K","-7,83%"
"17.09.2022","177,5","169,9","178,5","169,8","2,05K","4,47%"
"16.09.2022","169,9","174,1","174,8","167,6","2,86K","-2,41%"
"15.09.2022","174,1","176,7","180,5","170,5","4,20K","-1,86%"
"14.09.2022","177,4","171,8","178,4","170,7","3,22K","3,26%"
"13.09.2022","171,8","191,2","198,8","171,8","10,20K","-10,15%"
"12.09.2022","191,2","180,6","196,8","178,1","10,74K","5,93%"
"11.09.2022","180,5","181,3","185,9","176,3","3,39K","-0,44%"
"10.09.2022","181,3","179,2","183,0","177,3","2,57K","1,17%"
"09.09.2022","179,2","175,6","185,6","175,3","5,75K","2,05%"
"08.09.2022","175,6","171,5","177,2","168,0","5,03K","2,45%"
"07.09.2022","171,4","162,4","172,8","160,0","4,16K","5,54%"
"06.09.2022","162,4","166,7","177,2","160,7","8,66K","-2,58%"
"05.09.2022","166,7","167,0","168,4","162,1","2,79K","-0,18%"
"04.09.2022","167,0","161,7","167,0","161,6","1,44K","3,15%"
"03.09.2022","161,9","162,4","162,6","160,3","1,18K","-0,31%"
"02.09.2022","162,4","165,4","168,2","160,3","3,56K","-1,81%"
"01.09.2022","165,4","162,6","165,9","158,5","3,59K","1,72%"
"31.08.2022","162,6","162,0","169,4","161,2","3,94K","0,37%"
"30.08.2022","162,0","164,0","167,6","157,2","3,25K","-1,22%"
"29.08.2022","164,0","155,8","164,8","153,8","4,51K","5,67%"
"28.08.2022","155,2","161,1","164,5","154,5","2,55K","-3,66%"
"27.08.2022","161,1","161,7","164,3","157,7","3,40K","-0,37%"
"26.08.2022","161,7","181,1","182,5","160,2","7,69K","-10,86%"
"25.08.2022","181,4","179,4","186,5","179,3","4,94K","1,11%"
"24.08.2022","179,4","183,0","185,5","176,5","4,61K","-1,91%"
"23.08.2022","182,9","183,7","185,2","177,8","5,87K","-0,44%"
"22.08.2022","183,7","190,3","190,3","176,5","3,90K","-3,47%"
"21.08.2022","190,3","184,3","193,0","180,6","4,80K","3,26%"
"20.08.2022","184,3","186,8","193,7","178,7","5,92K","-1,44%"
"19.08.2022","187,0","205,5","205,8","185,0","12,73K","-9,09%"
"18.08.2022","205,7","210,4","215,3","205,0","4,30K","-2,09%"
"17.08.2022","210,1","222,7","230,1","208,6","15,16K","-5,66%"
"16.08.2022","222,7","224,0","227,3","218,0","5,23K","-0,58%"
"15.08.2022","224,0","229,3","240,1","219,5","7,98K","-2,31%"
"14.08.2022","229,3","237,8","244,2","227,4","5,35K","-3,57%"
"13.08.2022","237,8","231,5","245,4","230,8","8,01K","2,72%"
"12.08.2022","231,5","220,9","231,5","218,3","6,26K","4,85%"
"11.08.2022","220,8","217,2","230,5","216,2","15,73K","1,66%"
"10.08.2022","217,2","208,1","219,0","202,3","10,62K","4,37%"
"09.08.2022","208,1","217,0","219,4","205,1","7,83K","-4,15%"
"08.08.2022","217,1","210,7","224,7","210,7","6,70K","3,04%"
"07.08.2022","210,7","208,0","215,3","204,2","5,83K","1,30%"
"06.08.2022","208,0","210,5","212,1","206,9","2,95K","-1,19%"
"05.08.2022","210,5","203,8","215,9","203,2","11,80K","3,44%"
"04.08.2022","203,5","204,8","210,1","199,3","8,68K","-0,73%"
"03.08.2022","205,0","210,3","216,3","199,2","23,49K","-2,57%"
"02.08.2022","210,4","216,8","222,7","207,5","6,82K","-3,22%"
"01.08.2022","217,4","220,9","225,5","211,1","10,10K","-1,81%"
"31.07.2022","221,4","228,3","235,1","220,4","6,18K","-3,02%"
"30.07.2022","228,3","218,7","242,2","216,2","9,72K","4,63%"
"29.07.2022","218,2","223,5","230,5","213,1","8,41K","-2,37%"
"28.07.2022","223,5","212,0","229,2","205,7","9,13K","5,42%"
"27.07.2022","212,0","195,2","213,2","192,2","7,75K","8,61%"
"26.07.2022","195,2","198,0","198,6","187,0","6,36K","-1,46%"
"25.07.2022","198,1","225,7","226,2","197,8","7,41K","-12,27%"
"24.07.2022","225,8","220,9","231,6","218,0","3,93K","2,22%"
"23.07.2022","220,9","224,0","231,0","213,7","5,01K","-1,38%"
"22.07.2022","224,0","237,6","243,5","221,6","7,37K","-5,72%"
"21.07.2022","237,6","230,5","242,8","218,0","9,03K","3,08%"
"20.07.2022","230,5","243,7","251,1","227,7","13,26K","-5,42%"
"19.07.2022","243,7","236,5","255,7","231,7","25,65K","3,00%"
"18.07.2022","236,6","209,1","239,0","209,1","9,93K","13,15%"
"17.07.2022","209,1","214,9","222,3","208,4","9,02K","-2,65%"
"16.07.2022","214,8","203,0","218,7","198,0","12,14K","5,81%"
"15.07.2022","203,0","202,0","211,4","198,5","10,16K","0,54%"
"14.07.2022","201,9","189,3","202,8","182,3","9,99K","6,77%"
"13.07.2022","189,1","178,3","189,9","174,2","9,43K","6,06%"
"12.07.2022","178,3","180,5","187,9","178,3","6,46K","-1,27%"
"11.07.2022","180,6","194,7","194,7","179,6","5,44K","-7,24%"
"10.07.2022","194,7","201,5","201,9","192,4","2,89K","-3,37%"
"09.07.2022","201,5","202,4","206,0","200,7","3,27K","-0,44%"
"08.07.2022","202,4","206,6","212,0","195,4","11,62K","-2,03%"
"07.07.2022","206,6","201,0","210,8","197,9","8,21K","2,84%"
"06.07.2022","200,9","191,0","204,2","188,0","8,28K","5,18%"
"05.07.2022","191,0","195,7","197,3","179,0","12,61K","-2,45%"
"04.07.2022","195,8","178,3","197,0","173,7","8,21K","9,69%"
"03.07.2022","178,5","177,7","179,8","172,0","3,92K","0,45%"
"02.07.2022","177,7","175,7","180,9","170,4","3,31K","1,14%"
"01.07.2022","175,7","177,5","186,1","167,9","12,98K","-1,29%"
"30.06.2022","178,0","177,3","178,4","163,3","11,96K","0,39%"
"29.06.2022","177,3","186,5","190,5","174,6","9,22K","-4,88%"
"28.06.2022","186,4","201,5","208,6","185,7","15,64K","-7,49%"
"27.06.2022","201,5","207,1","216,0","199,4","9,16K","-2,99%"
"26.06.2022","207,7","220,8","222,0","206,3","6,87K","-5,93%"
"25.06.2022","220,8","219,9","223,1","208,9","9,88K","0,32%"
"24.06.2022","220,1","200,5","224,6","198,0","13,74K","9,94%"
"23.06.2022","200,2","177,9","202,0","177,9","14,05K","12,54%"
"22.06.2022","177,9","187,5","190,4","173,8","12,98K","-5,12%"
"21.06.2022","187,5","182,5","200,5","177,6","23,79K","2,74%"
"20.06.2022","182,5","176,9","189,3","164,0","31,66K","3,17%"
"19.06.2022","176,9","165,8","182,3","149,1","31,76K","6,69%"
"18.06.2022","165,8","158,8","165,9","141,4","20,25K","4,41%"
"17.06.2022","158,8","154,3","164,7","150,6","10,75K","3,12%"
"16.06.2022","154,0","176,8","182,5","152,1","24,35K","-12,90%"
"15.06.2022","176,8","152,9","176,8","138,9","40,59K","15,56%"
"14.06.2022","153,0","147,1","165,9","134,3","39,90K","3,52%"
"13.06.2022","147,8","154,6","156,5","132,1","41,01K","-4,40%"
"12.06.2022","154,6","169,9","173,2","154,6","13,04K","-9,01%"
"11.06.2022","169,9","186,2","189,4","167,3","9,64K","-8,66%"
"10.06.2022","186,0","196,9","201,2","184,9","9,30K","-5,54%"
"09.06.2022","196,9","190,9","205,8","189,4","10,05K","3,14%"
"08.06.2022","190,9","191,7","198,2","186,3","9,70K","-0,42%"
"07.06.2022","191,7","203,4","205,0","180,5","19,66K","-6,26%"
"06.06.2022","204,5","185,1","213,2","184,5","15,82K","10,30%"
"05.06.2022","185,4","188,2","193,1","182,2","7,68K","-0,96%"
"04.06.2022","187,2","184,1","188,9","172,4","11,48K","1,68%"
"03.06.2022","184,1","196,8","199,8","181,2","15,08K","-6,36%"
"02.06.2022","196,6","194,5","200,2","184,9","15,46K","1,08%"
"01.06.2022","194,5","218,3","219,7","191,8","15,05K","-10,66%"
"31.05.2022","217,7","226,1","230,1","211,4","10,56K","-3,67%"
"30.05.2022","226,0","214,5","230,9","211,2","10,39K","5,46%"
"29.05.2022","214,3","211,4","217,0","199,5","5,99K","1,32%"
"28.05.2022","211,5","196,3","214,7","192,3","5,12K","8,24%"
"27.05.2022","195,4","208,7","211,4","192,5","10,12K","-6,33%"
"26.05.2022","208,6","232,4","235,9","203,0","9,45K","-10,24%"
"25.05.2022","232,4","240,6","244,4","230,5","4,16K","-3,49%"
"24.05.2022","240,8","238,3","246,5","227,6","4,95K","1,26%"
"23.05.2022","237,8","257,6","267,7","236,3","7,84K","-7,72%"
"22.05.2022","257,7","247,3","261,0","244,9","5,96K","4,04%"
"21.05.2022","247,7","242,7","251,4","238,3","3,81K","2,06%"
"20.05.2022","242,7","258,5","265,4","234,1","9,23K","-6,11%"
"19.05.2022","258,5","250,5","265,4","241,9","8,73K","3,23%"
"18.05.2022","250,4","283,9","287,0","247,5","7,73K","-11,80%"
"17.05.2022","283,9","272,7","293,0","264,9","11,42K","4,11%"
"16.05.2022","272,7","300,0","300,0","264,8","11,38K","-8,80%"
"15.05.2022","299,0","267,6","302,8","254,0","12,34K","11,73%"
"14.05.2022","267,6","249,2","272,0","235,6","13,38K","7,38%"
"13.05.2022","249,2","231,1","288,7","227,1","36,29K","7,93%"
"12.05.2022","230,9","265,1","279,6","186,9","72,78K","-11,77%"
"11.05.2022","261,7","347,0","353,1","225,4","51,73K","-24,25%"
"10.05.2022","345,5","325,1","382,3","315,0","19,73K","6,97%"
"09.05.2022","323,0","386,5","394,9","323,0","14,69K","-16,15%"
"08.05.2022","385,2","404,0","407,0","379,3","5,23K","-4,65%"
"07.05.2022","404,0","417,7","420,5","396,0","6,15K","-3,28%"
"06.05.2022","417,7","427,6","429,2","408,2","7,82K","-2,25%"
"05.05.2022","427,3","458,0","469,8","418,4","9,91K","-6,70%"
"04.05.2022","458,0","428,5","458,9","426,8","7,05K","6,88%"
"03.05.2022","428,5","443,3","449,5","423,7","3,87K","-3,58%"
"02.05.2022","444,4","448,8","454,7","432,7","6,11K","-0,98%"
"01.05.2022","448,8","425,4","465,1","423,2","6,66K","5,40%"
"30.04.2022","425,8","469,5","474,5","412,2","7,95K","-9,31%"
"29.04.2022","469,5","488,1","490,4","461,1","6,48K","-3,79%"
"28.04.2022","488,0","490,7","499,5","483,7","6,91K","-0,65%"
"27.04.2022","491,2","481,3","505,4","478,1","6,83K","2,04%"
"26.04.2022","481,4","494,8","498,6","477,5","6,64K","-2,81%"
"25.04.2022","495,3","479,2","497,1","458,2","9,06K","3,36%"
"24.04.2022","479,2","485,8","493,3","477,2","4,05K","-1,36%"
"23.04.2022","485,8","485,1","497,2","475,5","3,69K","0,12%"
"22.04.2022","485,2","474,2","491,7","467,3","5,43K","2,36%"
"21.04.2022","474,0","491,1","511,6","466,1","4,50K","-3,48%"
"20.04.2022","491,1","510,0","521,1","484,7","6,60K","-3,89%"
"19.04.2022","511,0","479,2","511,0","472,9","7,54K","6,64%"
"18.04.2022","479,2","475,6","482,0","451,3","5,76K","0,76%"
"17.04.2022","475,6","484,5","499,5","472,8","3,14K","-1,84%"
"16.04.2022","484,5","481,3","490,4","478,2","3,11K","0,69%"
"15.04.2022","481,2","477,5","488,1","472,3","3,16K","0,77%"
"14.04.2022","477,5","495,8","508,0","467,7","5,89K","-3,69%"
"13.04.2022","495,8","486,6","500,0","470,8","5,42K","1,89%"
"12.04.2022","486,6","472,9","510,7","466,8","7,07K","3,03%"
"11.04.2022","472,3","525,2","530,0","465,5","6,63K","-10,35%"
"10.04.2022","526,8","537,0","550,0","520,8","5,06K","-1,86%"
"09.04.2022","536,8","520,9","538,5","514,0","4,37K","3,05%"
"08.04.2022","520,9","568,0","586,6","512,4","6,90K","-8,29%"
"07.04.2022","568,0","538,2","573,6","528,3","6,58K","5,69%"
"06.04.2022","537,4","594,6","597,1","533,8","10,10K","-9,74%"
"05.04.2022","595,4","613,2","633,1","590,4","5,37K","-2,84%"
"04.04.2022","612,8","643,2","649,3","587,9","8,16K","-4,73%"
"03.04.2022","643,2","622,9","663,3","615,8","6,95K","3,29%"
"02.04.2022","622,7","632,9","672,8","619,3","9,95K","-1,61%"
"01.04.2022","632,9","587,7","650,8","564,2","13,81K","7,60%"
"31.03.2022","588,2","578,9","619,5","577,3","13,85K","1,61%"
"30.03.2022","578,9","536,0","599,1","515,3","12,75K","8,00%"
"29.03.2022","536,0","506,1","553,2","506,1","9,15K","5,45%"
"28.03.2022","508,3","509,9","549,2","502,0","11,90K","-0,31%"
"27.03.2022","509,9","486,8","511,1","473,3","4,24K","4,75%"
"26.03.2022","486,8","472,0","494,2","467,0","3,99K","3,16%"
"25.03.2022","471,9","494,9","507,7","465,9","7,34K","-4,65%"
"24.03.2022","494,9","462,2","502,3","454,0","9,76K","7,17%"
"23.03.2022","461,8","446,5","471,1","442,8","4,93K","3,13%"
"22.03.2022","447,8","441,4","465,0","438,1","6,71K","1,45%"
"21.03.2022","441,4","447,5","460,2","436,4","5,74K","-1,36%"
"20.03.2022","447,5","466,5","466,8","444,2","2,66K","-4,07%"
"19.03.2022","466,5","452,9","476,9","450,0","3,68K","3,00%"
"18.03.2022","452,9","444,1","463,5","428,2","2,07M","1,98%"
"17.03.2022","444,1","446,3","463,8","440,6","2,63M","-0,65%"
"16.03.2022","447,0","426,4","447,3","418,4","2,57M","4,86%"
"15.03.2022","426,3","415,3","441,3","404,0","2,34M","2,65%"
"14.03.2022","415,3","401,3","418,5","398,7","1,62M","3,41%"
"13.03.2022","401,6","414,0","422,9","397,0","1,58M","-3,00%"
"12.03.2022","414,0","410,0","421,0","410,0","1,27M","0,98%"
"11.03.2022","410,0","417,9","423,1","405,8","1,99M","-2,08%"
"10.03.2022","418,7","443,5","446,7","412,4","2,23M","-5,59%"
"09.03.2022","443,5","420,2","455,9","418,5","2,91M","5,47%"
"08.03.2022","420,5","420,0","435,1","415,7","1,91M","-0,33%"
"07.03.2022","421,9","432,6","440,3","409,8","2,30M","-2,47%"
"06.03.2022","432,6","457,4","459,9","430,7","1,54M","-5,63%"
"05.03.2022","458,4","450,8","466,6","439,7","1,46M","1,87%"
"04.03.2022","450,0","483,7","485,5","445,9","3,15M","-6,97%"
"03.03.2022","483,7","515,4","521,5","476,6","6,05K","-6,37%"
"02.03.2022","516,6","507,5","547,0","498,3","12,34K","1,79%"
"01.03.2022","507,5","514,6","525,5","486,4","8,71K","-1,19%"
"28.02.2022","513,6","445,5","527,8","438,9","9,04K","15,29%"
"27.02.2022","445,5","468,7","479,0","438,5","6,14K","-4,89%"
"26.02.2022","468,4","482,1","493,1","464,9","4,98K","-2,84%"
"25.02.2022","482,1","462,1","493,4","448,4","9,73K","4,67%"
"24.02.2022","460,6","425,0","475,9","381,8","21,89K","7,97%"
"23.02.2022","426,6","441,2","476,1","426,4","7,33K","-3,22%"
"22.02.2022","440,8","428,3","446,0","418,2","6,06K","3,16%"
"21.02.2022","427,3","472,1","499,0","426,7","9,60K","-9,32%"
"20.02.2022","471,2","474,5","487,4","445,3","6,69K","-0,70%"
"19.02.2022","474,5","466,6","479,5","460,4","3,21K","1,69%"
"18.02.2022","466,6","487,5","502,7","462,2","5,18K","-4,42%"
"17.02.2022","488,2","525,6","530,7","481,5","5,73K","-7,10%"
"16.02.2022","525,5","546,0","546,0","510,6","7,86K","-4,07%"
"15.02.2022","547,8","505,8","547,8","505,8","6,08K","8,24%"
"14.02.2022","506,1","492,4","512,8","482,5","4,66K","2,82%"
"13.02.2022","492,2","508,2","515,3","484,6","3,25K","-3,15%"
"12.02.2022","508,2","511,1","528,4","493,3","5,95K","-0,47%"
"11.02.2022","510,6","560,0","567,2","505,1","6,73K","-8,82%"
"10.02.2022","560,0","600,2","605,4","558,1","10,78K","-6,70%"
"09.02.2022","600,2","601,9","620,9","581,0","6,92K","-0,28%"
"08.02.2022","601,9","623,8","637,6","582,4","8,37K","-3,57%"
"07.02.2022","624,2","619,2","649,2","605,5","11,06K","0,81%"
"06.02.2022","619,2","611,9","622,9","598,5","4,65K","1,19%"
"05.02.2022","611,9","604,0","635,2","592,1","7,90K","1,64%"
"04.02.2022","602,0","543,1","603,8","534,8","13,93K","11,23%"
"03.02.2022","541,2","541,5","547,7","500,4","12,09K","0,00%"
"02.02.2022","541,2","584,4","596,0","515,8","13,56K","-7,07%"
"01.02.2022","582,4","531,7","604,0","529,4","13,25K","9,51%"
"31.01.2022","531,8","507,2","540,4","485,9","7,74K","4,93%"
"30.01.2022","506,8","521,3","529,5","498,3","3,53K","-2,91%"
"29.01.2022","522,0","495,0","534,9","490,7","7,07K","5,45%"
"28.01.2022","495,0","488,9","510,0","475,0","7,13K","1,35%"
"27.01.2022","488,4","506,0","514,5","468,9","8,10K","-3,46%"
"26.01.2022","505,9","522,2","566,7","492,0","14,99K","-2,82%"
"25.01.2022","520,6","510,0","549,3","486,3","9,44K","2,14%"
"24.01.2022","509,7","551,6","551,6","448,1","23,88K","-7,41%"
"23.01.2022","550,5","521,2","579,0","515,9","8,08K","5,58%"
"22.01.2022","521,4","619,5","628,5","489,3","22,89K","-15,78%"
"21.01.2022","619,1","699,4","704,5","590,0","15,70K","-11,58%"
"20.01.2022","700,2","745,3","783,7","691,9","3,10K","-6,05%"
"19.01.2022","745,3","792,7","799,5","743,4","3,42K","-5,98%"
"18.01.2022","792,7","778,4","800,2","749,0","2,87K","1,82%"
"17.01.2022","778,5","826,8","828,3","765,2","3,32K","-5,78%"
"16.01.2022","826,3","824,6","849,4","816,4","1,62K","0,21%"
"15.01.2022","824,6","815,0","833,1","805,1","1,66K","1,13%"
"14.01.2022","815,4","814,5","838,4","792,4","4,65K","0,11%"
"13.01.2022","814,5","845,5","877,2","812,8","5,70K","-3,69%"
"12.01.2022","845,7","790,6","855,9","780,1","6,02K","7,02%"
"11.01.2022","790,2","776,0","807,6","763,6","3,63K","1,83%"
"10.01.2022","776,0","802,7","817,9","745,2","4,76K","-3,31%"
"09.01.2022","802,6","809,8","829,5","787,3","2,51K","-0,89%"
"08.01.2022","809,8","777,2","842,5","760,3","5,70K","4,48%"
"07.01.2022","775,1","862,5","864,0","761,9","9,01K","-10,23%"
"06.01.2022","863,4","891,5","893,2","845,7","4,69K","-3,28%"
"05.01.2022","892,7","959,7","976,5","842,4","4,92K","-6,98%"
"04.01.2022","959,7","967,6","984,9","948,0","2,09K","-0,82%"
"03.01.2022","967,6","994,4","996,9","950,0","2,11K","-2,70%"
"02.01.2022","994,4","1.010,0","1.011,3","984,0","1,29K","-1,42%"
"01.01.2022","1.008,7","958,9","1.009,1","958,9","1,14K","5,19%"
"31.12.2021","958,9","972,7","997,8","948,0","2,09K","-1,42%"
"30.12.2021","972,7","980,0","1.008,8","965,5","2,79K","-0,65%"
"29.12.2021","979,1","1.009,1","1.026,5","974,4","4,43K","-3,04%"
"28.12.2021","1.009,8","1.110,9","1.111,6","1.005,2","4,54K","-9,22%"
"27.12.2021","1.112,4","1.130,3","1.163,0","1.109,6","4,22K","-1,58%"
"26.12.2021","1.130,3","1.104,0","1.146,7","1.089,0","4,00K","2,38%"
"25.12.2021","1.104,0","1.084,7","1.113,7","1.082,8","2,04K","1,78%"
"24.12.2021","1.084,7","1.082,4","1.128,0","1.057,7","3,58K","0,21%"
"23.12.2021","1.082,4","1.018,2","1.100,0","1.002,8","4,81K","6,21%"
"22.12.2021","1.019,1","1.031,7","1.074,2","1.011,0","3,49K","-1,22%"
"21.12.2021","1.031,7","996,6","1.040,9","973,9","4,27K","3,59%"
"20.12.2021","995,9","1.030,0","1.034,6","965,9","2,76K","-3,31%"
"19.12.2021","1.030,0","1.043,8","1.075,4","1.022,7","2,92K","-1,32%"
"18.12.2021","1.043,8","1.001,3","1.051,0","973,7","3,24K","4,43%"
"17.12.2021","999,5","1.013,9","1.046,3","966,3","6,28K","-1,59%"
"16.12.2021","1.015,7","1.020,1","1.084,5","1.000,1","9,75K","-0,41%"
"15.12.2021","1.019,9","922,7","1.046,2","903,6","12,76K","10,53%"
"14.12.2021","922,7","889,5","931,8","856,8","6,08K","4,14%"
"13.12.2021","886,0","978,6","978,6","849,5","6,52K","-9,58%"
"12.12.2021","979,9","971,9","1.000,5","951,3","2,59K","0,71%"
"11.12.2021","973,0","950,4","984,5","917,5","4,95K","2,42%"
"10.12.2021","950,0","1.027,8","1.043,6","950,0","5,27K","-7,57%"
"09.12.2021","1.027,8","1.091,3","1.101,9","1.010,0","3,97K","-5,79%"
"08.12.2021","1.091,0","1.075,3","1.098,5","1.045,7","4,41K","1,46%"
"07.12.2021","1.075,3","1.115,1","1.172,1","1.061,0","5,69K","-3,53%"
"06.12.2021","1.114,6","1.125,1","1.136,4","1.011,9","7,39K","-0,92%"
"05.12.2021","1.125,0","1.154,4","1.177,3","1.050,1","5,37K","-3,04%"
"04.12.2021","1.160,3","1.215,7","1.221,9","995,3","17,35K","-4,34%"
"03.12.2021","1.213,0","1.336,8","1.358,8","1.187,2","8,05K","-9,26%"
"02.12.2021","1.336,8","1.316,9","1.387,8","1.262,1","11,23K","1,44%"
"01.12.2021","1.317,8","1.184,2","1.324,8","1.181,8","10,20K","11,28%"
"30.11.2021","1.184,2","1.160,5","1.229,9","1.131,2","4,73K","2,04%"
"29.11.2021","1.160,5","1.137,2","1.203,1","1.130,2","3,78K","2,05%"
"28.11.2021","1.137,2","1.095,0","1.147,1","1.036,0","3,41K","3,85%"
"27.11.2021","1.095,0","1.093,5","1.136,0","1.085,7","2,09K","0,61%"
"26.11.2021","1.088,4","1.188,5","1.188,6","1.050,0","7,69K","-8,38%"
"25.11.2021","1.188,0","1.169,9","1.217,9","1.148,2","5,73K","1,55%"
"24.11.2021","1.169,9","1.258,7","1.260,9","1.130,3","5,15K","-7,05%"
"23.11.2021","1.258,7","1.225,9","1.280,0","1.197,1","4,11K","2,66%"
"22.11.2021","1.226,1","1.311,8","1.319,1","1.200,0","5,70K","-6,99%"
"21.11.2021","1.318,3","1.237,6","1.337,3","1.198,2","5,89K","6,46%"
"20.11.2021","1.238,3","1.220,9","1.254,8","1.171,5","4,42K","1,48%"
"19.11.2021","1.220,3","1.103,5","1.241,9","1.070,0","9,87K","10,94%"
"18.11.2021","1.100,0","1.222,7","1.245,4","1.049,8","8,15K","-10,04%"
"17.11.2021","1.222,7","1.224,9","1.236,0","1.169,9","4,84K","-0,18%"
"16.11.2021","1.224,9","1.318,4","1.318,4","1.202,8","6,90K","-7,06%"
"15.11.2021","1.318,0","1.317,2","1.355,8","1.300,3","5,65K","0,06%"
"14.11.2021","1.317,2","1.339,9","1.340,0","1.278,0","2,72K","-1,45%"
"13.11.2021","1.336,6","1.263,2","1.341,6","1.245,0","5,20K","5,80%"
"12.11.2021","1.263,3","1.280,0","1.310,2","1.214,4","6,73K","-1,48%"
"11.11.2021","1.282,3","1.308,1","1.374,3","1.282,3","8,60K","-1,96%"
"10.11.2021","1.307,9","1.327,7","1.371,9","1.227,2","10,54K","-1,53%"
"09.11.2021","1.328,2","1.384,7","1.411,4","1.314,6","8,52K","-4,10%"
"08.11.2021","1.385,0","1.401,4","1.412,4","1.343,3","9,88K","-1,17%"
"07.11.2021","1.401,4","1.454,7","1.454,7","1.382,2","7,03K","-3,49%"
"06.11.2021","1.452,1","1.328,8","1.462,0","1.321,2","12,06K","9,28%"
"05.11.2021","1.328,8","1.402,7","1.410,0","1.293,6","13,34K","-5,27%"
"04.11.2021","1.402,7","1.369,4","1.420,0","1.325,0","16,66K","2,54%"
"03.11.2021","1.367,9","1.258,5","1.388,2","1.234,3","19,44K","9,05%"
"02.11.2021","1.254,4","1.168,3","1.266,0","1.153,7","10,93K","7,43%"
"01.11.2021","1.167,6","1.158,6","1.201,0","1.130,7","11,19K","1,01%"
"31.10.2021","1.155,9","1.116,9","1.169,1","1.063,4","7,94K","3,98%"
"30.10.2021","1.111,7","1.141,8","1.143,2","1.073,0","5,13K","-2,64%"
"29.10.2021","1.141,8","1.111,9","1.165,2","1.109,0","10,69K","2,94%"
"28.10.2021","1.109,2","1.040,9","1.138,7","1.022,8","14,62K","6,87%"
"27.10.2021","1.037,9","1.124,9","1.153,4","1.008,0","19,78K","-7,73%"
"26.10.2021","1.124,9","1.177,5","1.201,0","1.110,0","15,34K","-4,59%"
"25.10.2021","1.179,0","1.151,9","1.233,0","1.129,3","18,99K","2,58%"
"24.10.2021","1.149,4","1.124,0","1.165,9","1.058,0","12,70K","2,26%"
"23.10.2021","1.124,0","1.115,6","1.168,4","1.094,9","11,24K","0,87%"
"22.10.2021","1.114,3","1.081,0","1.231,7","1.066,7","34,27K","3,20%"
"21.10.2021","1.079,8","990,3","1.086,4","990,3","31,00K","9,09%"
"20.10.2021","989,8","871,1","989,8","867,8","21,52K","13,63%"
"19.10.2021","871,1","871,0","881,3","854,9","5,74K","0,01%"
"18.10.2021","871,0","882,9","894,7","859,1","6,82K","-1,25%"
"17.10.2021","882,0","868,9","924,8","848,5","8,50K","1,44%"
"16.10.2021","869,5","901,3","906,2","865,0","7,46K","-3,20%"
"15.10.2021","898,2","834,9","913,0","821,4","18,53K","7,57%"
"14.10.2021","835,0","823,3","862,0","817,5","8,07K","1,42%"
"13.10.2021","823,3","850,0","868,9","805,0","8,46K","-3,35%"
"12.10.2021","851,8","808,0","856,0","770,0","11,62K","5,42%"
"11.10.2021","808,0","820,4","848,5","785,8","9,55K","-1,73%"
"10.10.2021","822,2","868,8","874,0","812,0","6,58K","-5,24%"
"09.10.2021","867,7","882,1","893,1","858,0","6,77K","-1,57%"
"08.10.2021","881,5","852,1","933,0","841,2","18,02K","3,39%"
"07.10.2021","852,6","844,8","887,0","825,5","12,95K","0,88%"
"06.10.2021","845,2","902,4","908,1","825,0","16,81K","-6,49%"
"05.10.2021","903,9","908,4","923,3","878,0","18,64K","-0,50%"
"04.10.2021","908,4","925,6","932,5","882,5","19,70K","-1,86%"
"03.10.2021","925,6","908,8","947,7","889,4","16,36K","1,85%"
"02.10.2021","908,8","866,8","937,0","836,6","25,09K","4,92%"
"01.10.2021","866,2","769,0","883,2","750,3","35,48K","12,70%"
"30.09.2021","768,6","740,1","776,0","729,3","14,52K","3,77%"
"29.09.2021","740,7","722,6","762,0","717,5","14,10K","2,69%"
"28.09.2021","721,3","738,5","753,8","702,0","11,66K","-2,36%"
"27.09.2021","738,7","730,9","796,1","721,9","21,65K","1,07%"
"26.09.2021","730,9","734,1","757,9","676,0","13,82K","-0,44%"
"25.09.2021","734,1","749,6","775,0","721,3","8,18K","-2,12%"
"24.09.2021","750,0","800,1","807,6","692,5","24,77K","-6,26%"
"23.09.2021","800,1","791,9","813,2","765,0","22,70K","1,06%"
"22.09.2021","791,7","660,8","803,1","651,7","38,79K","20,19%"
"21.09.2021","658,7","714,1","774,7","621,3","36,82K","-7,36%"
"20.09.2021","711,0","812,0","813,5","706,0","41,79K","-12,43%"
"19.09.2021","811,9","896,1","909,6","802,4","24,33K","-9,77%"
"18.09.2021","899,8","786,9","910,5","767,9","29,30K","14,35%"
"17.09.2021","786,9","806,3","812,5","714,4","31,63K","-2,30%"
"16.09.2021","805,4","834,7","853,6","781,3","17,94K","-3,20%"
"15.09.2021","832,0","834,1","875,8","811,0","33,87K","-0,25%"
"14.09.2021","834,1","889,0","898,5","756,3","36,08K","-6,18%"
"13.09.2021","889,0","923,7","926,1","801,1","29,36K","-4,05%"
"12.09.2021","926,5","951,0","963,8","906,8","12,79K","-2,58%"
"11.09.2021","951,0","955,3","1.024,5","934,0","33,67K","-0,64%"
"10.09.2021","957,1","992,6","1.036,7","888,2","46,11K","-3,37%"
"09.09.2021","990,5","1.017,9","1.147,0","967,2","85,63K","-2,60%"
"08.09.2021","1.016,9","919,9","1.054,0","773,5","80,79K","10,89%"
"07.09.2021","917,0","855,4","1.016,4","670,2","122,20K","7,00%"
"06.09.2021","857,0","738,5","863,7","718,0","47,79K","16,05%"
"05.09.2021","738,5","725,8","757,8","706,7","28,10K","1,58%"
"04.09.2021","727,0","763,5","784,6","710,1","47,75K","-4,81%"
"03.09.2021","763,7","670,0","775,0","670,0","75,06K","14,31%"
"02.09.2021","668,1","575,7","684,2","568,3","68,67K","16,11%"
"01.09.2021","575,4","564,8","621,6","552,8","50,43K","1,82%"